25.000000 34.985195 54.166668
26.041668 34.985195 54.166668
26.041668 35.654766 54.410370
26.041668 35.582668 54.355049
26.041668 35.506027 54.306225
26.041668 35.425423 54.264263
26.041668 35.341465 54.229488
26.041668 35.254799 54.202160
26.041668 35.166077 54.182491
26.041668 35.075981 54.170631
26.041668 35.721764 54.471764
25.000000 35.721764 54.471764
25.000000 35.075981 54.170631
25.000000 35.166077 54.182491
25.000000 35.254799 54.202160
25.000000 35.341465 54.229488
25.000000 35.425423 54.264263
25.000000 35.506027 54.306225
25.000000 35.582668 54.355049
25.000000 35.654766 54.410370
26.041668 41.361568 60.111568
25.000000 41.361568 60.111568
26.041668 42.098141 60.416668
25.000000 42.098141 60.416668
25.000000 42.007351 60.412704
25.000000 41.917255 60.400841
25.000000 41.828537 60.381172
25.000000 41.741867 60.353848
25.000000 41.657913 60.319073
25.000000 41.577305 60.277111
25.000000 41.500664 60.228283
25.000000 41.428570 60.172962
26.041668 41.428570 60.172962
26.041668 41.500664 60.228283
26.041668 41.577305 60.277111
26.041668 41.657913 60.319073
26.041668 41.741867 60.353848
26.041668 41.828537 60.381172
26.041668 41.917255 60.400841
26.041668 42.007351 60.412704
26.041668 57.901859 60.416668
25.000000 57.901859 60.416668
26.041668 53.651779 44.927849
26.041668 53.669571 45.062992
26.041668 53.699074 45.196072
26.041668 53.740063 45.326073
26.041668 53.792229 45.452007
26.041668 53.855167 45.572918
26.041668 53.928410 45.687881
26.041668 54.011391 45.796021
26.041668 54.103477 45.896523
26.041668 54.203979 45.988609
26.041668 54.312119 46.071590
26.041668 54.427082 46.144833
26.041668 54.547993 46.207771
26.041668 54.673927 46.259937
26.041668 54.803928 46.300926
26.041668 54.937008 46.330429
26.041668 55.072151 46.348221
26.041668 55.208332 46.354168
26.041668 55.344513 46.348221
26.041668 55.479660 46.330429
26.041668 55.612740 46.300926
26.041668 55.742741 46.259937
26.041668 55.868675 46.207771
26.041668 55.989582 46.144833
26.041668 56.104546 46.071590
26.041668 56.212688 45.988609
26.041668 56.313187 45.896523
26.041668 56.405277 45.796021
26.041668 56.488258 45.687881
26.041668 56.561497 45.572918
26.041668 56.624439 45.452007
26.041668 56.676601 45.326073
26.041668 56.717590 45.196072
26.041668 56.747093 45.062992
26.041668 56.764889 44.927849
26.041668 56.770832 44.791668
26.041668 56.764889 44.655487
26.041668 56.747093 44.520340
26.041668 56.717590 44.387260
26.041668 56.676601 44.257259
26.041668 56.624439 44.131325
26.041668 56.561497 44.010418
26.041668 56.488258 43.895454
26.041668 56.405277 43.787312
26.041668 56.313187 43.686813
26.041668 56.212688 43.594723
26.041668 56.104546 43.511742
26.041668 55.989582 43.438503
26.041668 55.868675 43.375561
26.041668 55.742741 43.323399
26.041668 55.612740 43.282410
26.041668 55.479660 43.252907
26.041668 55.344513 43.235111
26.041668 55.208332 43.229168
26.041668 55.072151 43.235111
26.041668 54.937008 43.252907
26.041668 54.803928 43.282410
26.041668 54.673927 43.323399
26.041668 54.547993 43.375561
26.041668 54.427082 43.438503
26.041668 54.312119 43.511742
26.041668 54.203979 43.594723
26.041668 54.103477 43.686813
26.041668 54.011391 43.787312
26.041668 53.928410 43.895454
26.041668 53.855167 44.010418
26.041668 53.792229 44.131325
26.041668 53.740063 44.257259
26.041668 53.699074 44.387260
26.041668 53.669571 44.520340
26.041668 53.651779 44.655487
26.041668 53.645832 44.791668
26.041668 43.235111 44.927849
26.041668 43.252907 45.062992
26.041668 43.282410 45.196072
26.041668 43.323399 45.326073
26.041668 43.375561 45.452007
26.041668 43.438503 45.572918
26.041668 43.511742 45.687881
26.041668 43.594723 45.796021
26.041668 43.686813 45.896523
26.041668 43.787312 45.988609
26.041668 43.895454 46.071590
26.041668 44.010418 46.144833
26.041668 44.131325 46.207771
26.041668 44.257259 46.259937
26.041668 44.387260 46.300926
26.041668 44.520340 46.330429
26.041668 44.655487 46.348221
26.041668 44.791668 46.354168
26.041668 44.927849 46.348221
26.041668 45.062992 46.330429
26.041668 45.196072 46.300926
26.041668 45.326073 46.259937
26.041668 45.452007 46.207771
26.041668 45.572918 46.144833
26.041668 45.687881 46.071590
26.041668 45.796021 45.988609
26.041668 45.896523 45.896523
26.041668 45.988609 45.796021
26.041668 46.071590 45.687881
26.041668 46.144833 45.572918
26.041668 46.207771 45.452007
26.041668 46.259937 45.326073
26.041668 46.300926 45.196072
26.041668 46.330429 45.062992
26.041668 46.348221 44.927849
26.041668 46.354168 44.791668
26.041668 46.348221 44.655487
26.041668 46.330429 44.520340
26.041668 46.300926 44.387260
26.041668 46.259937 44.257259
26.041668 46.207771 44.131325
26.041668 46.144833 44.010418
26.041668 46.071590 43.895454
26.041668 45.988609 43.787312
26.041668 45.896523 43.686813
26.041668 45.796021 43.594723
26.041668 45.687881 43.511742
26.041668 45.572918 43.438503
26.041668 45.452007 43.375561
26.041668 45.326073 43.323399
26.041668 45.196072 43.282410
26.041668 45.062992 43.252907
26.041668 44.927849 43.235111
26.041668 44.791668 43.229168
26.041668 44.655487 43.235111
26.041668 44.520340 43.252907
26.041668 44.387260 43.282410
26.041668 44.257259 43.323399
26.041668 44.131325 43.375561
26.041668 44.010418 43.438503
26.041668 43.895454 43.511742
26.041668 43.787312 43.594723
26.041668 43.686813 43.686813
26.041668 43.594723 43.787312
26.041668 43.511742 43.895454
26.041668 43.438503 44.010418
26.041668 43.375561 44.131325
26.041668 43.323399 44.257259
26.041668 43.282410 44.387260
26.041668 43.252907 44.520340
26.041668 43.235111 44.655487
26.041668 43.229168 44.791668
26.041668 0.000000 54.166668
26.041668 0.000000 52.083332
26.041668 2.864583 52.083332
26.041668 2.864583 42.916668
26.041668 22.395832 42.916668
26.041668 22.395832 52.083332
26.041668 27.864582 52.083332
26.041668 27.864582 42.916668
26.041668 47.395832 42.916668
26.041668 47.395832 52.083332
26.041668 52.604168 52.083332
26.041668 52.604168 42.916668
26.041668 72.135414 42.916668
26.041668 72.135414 52.083332
26.041668 77.604164 52.083332
26.041668 77.604164 42.916668
26.041668 97.135414 42.916668
26.041668 97.135414 52.083332
26.041668 100.000000 52.083332
26.041668 100.000000 54.166668
26.041668 65.014809 54.166668
26.041668 64.924019 54.170631
26.041668 64.833923 54.182491
26.041668 64.745201 54.202160
26.041668 64.658531 54.229488
26.041668 64.574577 54.264263
26.041668 64.493973 54.306225
26.041668 64.417328 54.355049
26.041668 64.345238 54.410370
26.041668 64.278236 54.471764
26.041668 58.638432 60.111568
26.041668 57.992649 60.412704
26.041668 58.082745 60.400841
26.041668 58.171463 60.381172
26.041668 58.258133 60.353848
26.041668 58.342087 60.319073
26.041668 58.422695 60.277111
26.041668 58.499336 60.228283
26.041668 58.571430 60.172962
25.000000 58.638432 60.111568
25.000000 58.571430 60.172962
25.000000 58.499336 60.228283
25.000000 58.422695 60.277111
25.000000 58.342087 60.319073
25.000000 58.258133 60.353848
25.000000 58.171463 60.381172
25.000000 58.082745 60.400841
25.000000 57.992649 60.412704
25.000000 65.014809 54.166668
25.000000 64.345238 54.410370
25.000000 64.417328 54.355049
25.000000 64.493973 54.306225
25.000000 64.574577 54.264263
25.000000 64.658531 54.229488
25.000000 64.745201 54.202160
25.000000 64.833923 54.182491
25.000000 64.924019 54.170631
25.000000 64.278236 54.471764
25.000000 0.000000 54.166668
25.000000 100.000000 54.166668
64.564392 100.000000 52.083332
64.564392 100.000000 39.583332
25.000000 100.000000 39.583332
27.943426 25.789179 52.083332
27.763233 25.812901 52.083332
27.585794 25.852238 52.083332
27.412458 25.906891 52.083332
27.244545 25.976442 52.083332
27.083332 26.060364 52.083332
26.930050 26.158016 52.083332
26.785858 26.268658 52.083332
26.651861 26.391443 52.083332
26.529074 26.525442 52.083332
26.418432 26.669632 52.083332
26.320780 26.822918 52.083332
26.236858 26.984129 52.083332
26.167307 27.152040 52.083332
26.112656 27.325377 52.083332
26.073317 27.502815 52.083332
26.049595 27.683008 52.083332
28.125000 25.781250 52.083332
28.125000 25.781250 42.916668
26.049595 27.683008 42.916668
26.073317 27.502815 42.916668
26.112656 27.325377 42.916668
26.167307 27.152040 42.916668
26.236858 26.984129 42.916668
26.320780 26.822918 42.916668
26.418432 26.669632 42.916668
26.529074 26.525442 42.916668
26.651861 26.391443 42.916668
26.785858 26.268658 42.916668
26.930050 26.158016 42.916668
27.083332 26.060364 42.916668
27.244545 25.976442 42.916668
27.412458 25.906891 42.916668
27.585794 25.852238 42.916668
27.763233 25.812901 42.916668
27.943426 25.789179 42.916668
28.125000 49.479168 42.916668
28.125000 49.479168 52.083332
26.049595 47.577408 52.083332
26.073317 47.757599 52.083332
26.112656 47.935040 52.083332
26.167307 48.108376 52.083332
26.236858 48.276287 52.083332
26.320780 48.437500 52.083332
26.418432 48.590782 52.083332
26.529074 48.734974 52.083332
26.651861 48.868973 52.083332
26.785858 48.991760 52.083332
26.930050 49.102402 52.083332
27.083332 49.200054 52.083332
27.244545 49.283974 52.083332
27.412458 49.353527 52.083332
27.585794 49.408180 52.083332
27.763233 49.447517 52.083332
27.943426 49.471237 52.083332
27.943426 49.471237 42.916668
27.763233 49.447517 42.916668
27.585794 49.408180 42.916668
27.412458 49.353527 42.916668
27.244545 49.283974 42.916668
27.083332 49.200054 42.916668
26.930050 49.102402 42.916668
26.785858 48.991760 42.916668
26.651861 48.868973 42.916668
26.529074 48.734974 42.916668
26.418432 48.590782 42.916668
26.320780 48.437500 42.916668
26.236858 48.276287 42.916668
26.167307 48.108376 42.916668
26.112656 47.935040 42.916668
26.073317 47.757599 42.916668
26.049595 47.577408 42.916668
32.291668 25.781250 42.916668
32.110092 25.789179 42.916668
31.929899 25.812901 42.916668
31.752460 25.852238 42.916668
31.579124 25.906891 42.916668
31.411213 25.976442 42.916668
31.250000 26.060364 42.916668
31.096716 26.158016 42.916668
30.952526 26.268658 42.916668
30.818527 26.391443 42.916668
30.695742 26.525442 42.916668
30.585100 26.669632 42.916668
30.487448 26.822918 42.916668
30.403524 26.984129 42.916668
30.333975 27.152040 42.916668
30.279322 27.325377 42.916668
30.239985 27.502815 42.916668
30.216261 27.683008 42.916668
30.208332 27.864582 42.916668
30.208332 47.395832 42.916668
30.216261 47.577408 42.916668
30.239985 47.757599 42.916668
30.279322 47.935040 42.916668
30.333975 48.108376 42.916668
30.403524 48.276287 42.916668
30.487448 48.437500 42.916668
30.585100 48.590782 42.916668
30.695742 48.734974 42.916668
30.818527 48.868973 42.916668
30.952526 48.991760 42.916668
31.096716 49.102402 42.916668
31.250000 49.200054 42.916668
31.411213 49.283974 42.916668
31.579124 49.353527 42.916668
31.752460 49.408180 42.916668
31.929899 49.447517 42.916668
32.110092 49.471237 42.916668
32.291668 49.479168 42.916668
27.943426 50.528763 52.083332
27.763233 50.552483 52.083332
27.585794 50.591820 52.083332
27.412458 50.646473 52.083332
27.244545 50.716026 52.083332
27.083332 50.799946 52.083332
26.930050 50.897598 52.083332
26.785858 51.008240 52.083332
26.651861 51.131027 52.083332
26.529074 51.265026 52.083332
26.418432 51.409218 52.083332
26.320780 51.562500 52.083332
26.236858 51.723713 52.083332
26.167307 51.891624 52.083332
26.112656 52.064960 52.083332
26.073317 52.242401 52.083332
26.049595 52.422592 52.083332
28.125000 50.520832 52.083332
28.125000 50.520832 42.916668
26.049595 52.422592 42.916668
26.073317 52.242401 42.916668
26.112656 52.064960 42.916668
26.167307 51.891624 42.916668
26.236858 51.723713 42.916668
26.320780 51.562500 42.916668
26.418432 51.409218 42.916668
26.529074 51.265026 42.916668
26.651861 51.131027 42.916668
26.785858 51.008240 42.916668
26.930050 50.897598 42.916668
27.083332 50.799946 42.916668
27.244545 50.716026 42.916668
27.412458 50.646473 42.916668
27.585794 50.591820 42.916668
27.763233 50.552483 42.916668
27.943426 50.528763 42.916668
28.125000 74.218750 42.916668
28.125000 74.218750 52.083332
26.049595 72.316994 52.083332
26.073317 72.497185 52.083332
26.112656 72.674622 52.083332
26.167307 72.847961 52.083332
26.236858 73.015869 52.083332
26.320780 73.177086 52.083332
26.418432 73.330368 52.083332
26.529074 73.474556 52.083332
26.651861 73.608559 52.083332
26.785858 73.731346 52.083332
26.930050 73.841980 52.083332
27.083332 73.939636 52.083332
27.244545 74.023560 52.083332
27.412458 74.093109 52.083332
27.585794 74.147758 52.083332
27.763233 74.187096 52.083332
27.943426 74.210823 52.083332
27.943426 74.210823 42.916668
27.763233 74.187096 42.916668
27.585794 74.147758 42.916668
27.412458 74.093109 42.916668
27.244545 74.023560 42.916668
27.083332 73.939636 42.916668
26.930050 73.841980 42.916668
26.785858 73.731346 42.916668
26.651861 73.608559 42.916668
26.529074 73.474556 42.916668
26.418432 73.330368 42.916668
26.320780 73.177086 42.916668
26.236858 73.015869 42.916668
26.167307 72.847961 42.916668
26.112656 72.674622 42.916668
26.073317 72.497185 42.916668
26.049595 72.316994 42.916668
32.291668 50.520832 42.916668
32.110092 50.528763 42.916668
31.929899 50.552483 42.916668
31.752460 50.591820 42.916668
31.579124 50.646473 42.916668
31.411213 50.716026 42.916668
31.250000 50.799946 42.916668
31.096716 50.897598 42.916668
30.952526 51.008240 42.916668
30.818527 51.131027 42.916668
30.695742 51.265026 42.916668
30.585100 51.409218 42.916668
30.487448 51.562500 42.916668
30.403524 51.723713 42.916668
30.333975 51.891624 42.916668
30.279322 52.064960 42.916668
30.239985 52.242401 42.916668
30.216261 52.422592 42.916668
30.208332 52.604168 42.916668
30.208332 72.135414 42.916668
30.216261 72.316994 42.916668
30.239985 72.497185 42.916668
30.279322 72.674622 42.916668
30.333975 72.847961 42.916668
30.403524 73.015869 42.916668
30.487448 73.177086 42.916668
30.585100 73.330368 42.916668
30.695742 73.474556 42.916668
30.818527 73.608559 42.916668
30.952526 73.731346 42.916668
31.096716 73.841980 42.916668
31.250000 73.939636 42.916668
31.411213 74.023560 42.916668
31.579124 74.093109 42.916668
31.752460 74.147758 42.916668
31.929899 74.187096 42.916668
32.110092 74.210823 42.916668
32.291668 74.218750 42.916668
27.943426 75.528763 52.083332
27.763233 75.552483 52.083332
27.585794 75.591820 52.083332
27.412458 75.646477 52.083332
27.244545 75.716026 52.083332
27.083332 75.799950 52.083332
26.930050 75.897598 52.083332
26.785858 76.008240 52.083332
26.651861 76.131027 52.083332
26.529074 76.265022 52.083332
26.418432 76.409218 52.083332
26.320780 76.562500 52.083332
26.236858 76.723709 52.083332
26.167307 76.891624 52.083332
26.112656 77.064957 52.083332
26.073317 77.242401 52.083332
26.049595 77.422592 52.083332
28.125000 75.520836 52.083332
28.125000 75.520836 42.916668
26.049595 77.422592 42.916668
26.073317 77.242401 42.916668
26.112656 77.064957 42.916668
26.167307 76.891624 42.916668
26.236858 76.723709 42.916668
26.320780 76.562500 42.916668
26.418432 76.409218 42.916668
26.529074 76.265022 42.916668
26.651861 76.131027 42.916668
26.785858 76.008240 42.916668
26.930050 75.897598 42.916668
27.083332 75.799950 42.916668
27.244545 75.716026 42.916668
27.412458 75.646477 42.916668
27.585794 75.591820 42.916668
27.763233 75.552483 42.916668
27.943426 75.528763 42.916668
68.707733 75.520836 52.083332
68.707733 75.520836 42.916668
64.425789 75.520836 42.916668
64.425789 75.520836 42.083332
32.291668 75.520836 42.083332
32.291668 75.520836 42.916668
28.125000 99.218750 42.916668
28.125000 99.218750 52.083332
26.049595 97.316994 52.083332
26.073317 97.497185 52.083332
26.112656 97.674622 52.083332
26.167307 97.847961 52.083332
26.236858 98.015869 52.083332
26.320780 98.177086 52.083332
26.418432 98.330368 52.083332
26.529074 98.474556 52.083332
26.651861 98.608559 52.083332
26.785858 98.731346 52.083332
26.930050 98.841980 52.083332
27.083332 98.939636 52.083332
27.244545 99.023560 52.083332
27.412458 99.093109 52.083332
27.585794 99.147758 52.083332
27.763233 99.187096 52.083332
27.943426 99.210823 52.083332
27.943426 99.210823 42.916668
27.763233 99.187096 42.916668
27.585794 99.147758 42.916668
27.412458 99.093109 42.916668
27.244545 99.023560 42.916668
27.083332 98.939636 42.916668
26.930050 98.841980 42.916668
26.785858 98.731346 42.916668
26.651861 98.608559 42.916668
26.529074 98.474556 42.916668
26.418432 98.330368 42.916668
26.320780 98.177086 42.916668
26.236858 98.015869 42.916668
26.167307 97.847961 42.916668
26.112656 97.674622 42.916668
26.073317 97.497185 42.916668
26.049595 97.316994 42.916668
25.000000 56.764889 44.927849
25.000000 56.747093 45.062992
25.000000 56.717590 45.196072
25.000000 56.676601 45.326073
25.000000 56.624439 45.452007
25.000000 56.561497 45.572918
25.000000 56.488258 45.687881
25.000000 56.405277 45.796021
25.000000 56.313187 45.896523
25.000000 56.212688 45.988609
25.000000 56.104546 46.071590
25.000000 55.989582 46.144833
25.000000 55.868675 46.207771
25.000000 55.742741 46.259937
25.000000 55.612740 46.300926
25.000000 55.479660 46.330429
25.000000 55.344513 46.348221
25.000000 55.208332 46.354168
25.000000 55.072151 46.348221
25.000000 54.937008 46.330429
25.000000 54.803928 46.300926
25.000000 54.673927 46.259937
25.000000 54.547993 46.207771
25.000000 54.427082 46.144833
25.000000 54.312119 46.071590
25.000000 54.203979 45.988609
25.000000 54.103477 45.896523
25.000000 54.011391 45.796021
25.000000 53.928410 45.687881
25.000000 53.855167 45.572918
25.000000 53.792229 45.452007
25.000000 53.740063 45.326073
25.000000 53.699074 45.196072
25.000000 53.669571 45.062992
25.000000 53.651779 44.927849
25.000000 53.645832 44.791668
25.000000 53.651779 44.655487
25.000000 53.669571 44.520340
25.000000 53.699074 44.387260
25.000000 53.740063 44.257259
25.000000 53.792229 44.131325
25.000000 53.855167 44.010418
25.000000 53.928410 43.895454
25.000000 54.011391 43.787312
25.000000 54.103477 43.686813
25.000000 54.203979 43.594723
25.000000 54.312119 43.511742
25.000000 54.427082 43.438503
25.000000 54.547993 43.375561
25.000000 54.673927 43.323399
25.000000 54.803928 43.282410
25.000000 54.937008 43.252907
25.000000 55.072151 43.235111
25.000000 55.208332 43.229168
25.000000 55.344513 43.235111
25.000000 55.479660 43.252907
25.000000 55.612740 43.282410
25.000000 55.742741 43.323399
25.000000 55.868675 43.375561
25.000000 55.989582 43.438503
25.000000 56.104546 43.511742
25.000000 56.212688 43.594723
25.000000 56.313187 43.686813
25.000000 56.405277 43.787312
25.000000 56.488258 43.895454
25.000000 56.561497 44.010418
25.000000 56.624439 44.131325
25.000000 56.676601 44.257259
25.000000 56.717590 44.387260
25.000000 56.747093 44.520340
25.000000 56.764889 44.655487
25.000000 56.770832 44.791668
25.000000 46.348221 44.927849
25.000000 46.330429 45.062992
25.000000 46.300926 45.196072
25.000000 46.259937 45.326073
25.000000 46.207771 45.452007
25.000000 46.144833 45.572918
25.000000 46.071590 45.687881
25.000000 45.988609 45.796021
25.000000 45.896523 45.896523
25.000000 45.796021 45.988609
25.000000 45.687881 46.071590
25.000000 45.572918 46.144833
25.000000 45.452007 46.207771
25.000000 45.326073 46.259937
25.000000 45.196072 46.300926
25.000000 45.062992 46.330429
25.000000 44.927849 46.348221
25.000000 44.791668 46.354168
25.000000 44.655487 46.348221
25.000000 44.520340 46.330429
25.000000 44.387260 46.300926
25.000000 44.257259 46.259937
25.000000 44.131325 46.207771
25.000000 44.010418 46.144833
25.000000 43.895454 46.071590
25.000000 43.787312 45.988609
25.000000 43.686813 45.896523
25.000000 43.594723 45.796021
25.000000 43.511742 45.687881
25.000000 43.438503 45.572918
25.000000 43.375561 45.452007
25.000000 43.323399 45.326073
25.000000 43.282410 45.196072
25.000000 43.252907 45.062992
25.000000 43.235111 44.927849
25.000000 43.229168 44.791668
25.000000 43.235111 44.655487
25.000000 43.252907 44.520340
25.000000 43.282410 44.387260
25.000000 43.323399 44.257259
25.000000 43.375561 44.131325
25.000000 43.438503 44.010418
25.000000 43.511742 43.895454
25.000000 43.594723 43.787312
25.000000 43.686813 43.686813
25.000000 43.787312 43.594723
25.000000 43.895454 43.511742
25.000000 44.010418 43.438503
25.000000 44.131325 43.375561
25.000000 44.257259 43.323399
25.000000 44.387260 43.282410
25.000000 44.520340 43.252907
25.000000 44.655487 43.235111
25.000000 44.791668 43.229168
25.000000 44.927849 43.235111
25.000000 45.062992 43.252907
25.000000 45.196072 43.282410
25.000000 45.326073 43.323399
25.000000 45.452007 43.375561
25.000000 45.572918 43.438503
25.000000 45.687881 43.511742
25.000000 45.796021 43.594723
25.000000 45.896523 43.686813
25.000000 45.988609 43.787312
25.000000 46.071590 43.895454
25.000000 46.144833 44.010418
25.000000 46.207771 44.131325
25.000000 46.259937 44.257259
25.000000 46.300926 44.387260
25.000000 46.330429 44.520340
25.000000 46.348221 44.655487
25.000000 46.354168 44.791668
65.360764 53.645832 41.666668
65.360764 53.645832 42.083332
69.526711 57.734947 42.083332
69.504547 57.376442 42.083332
69.451599 57.021175 42.083332
69.368240 56.671791 42.083332
69.255112 56.330883 42.083332
69.113029 56.000988 42.083332
68.943069 55.684551 42.083332
68.746490 55.383930 42.083332
68.524750 55.101357 42.083332
68.279495 54.838928 42.083332
68.012550 54.598602 42.083332
67.725899 54.382156 42.083332
67.421669 54.191204 42.083332
67.102119 54.027164 42.083332
66.769638 53.891254 42.083332
66.426682 53.784485 42.083332
66.075806 53.707645 42.083332
65.719620 53.661316 42.083332
69.517906 58.094032 42.083332
69.517906 58.094032 41.666668
65.719620 53.661316 41.666668
66.075806 53.707645 41.666668
66.426682 53.784485 41.666668
66.769638 53.891254 41.666668
67.102119 54.027164 41.666668
67.421669 54.191204 41.666668
67.725899 54.382156 41.666668
68.012550 54.598602 41.666668
68.279495 54.838928 41.666668
68.524750 55.101357 41.666668
68.746490 55.383930 41.666668
68.943069 55.684551 41.666668
69.113029 56.000988 41.666668
69.255112 56.330883 41.666668
69.368240 56.671791 41.666668
69.451599 57.021175 41.666668
69.504547 57.376442 41.666668
69.526711 57.734947 41.666668
34.375000 53.645832 41.666668
34.375000 53.645832 42.083332
64.379257 71.093750 42.083332
64.379257 71.093750 41.666668
68.435555 67.879753 41.666668
68.341637 68.215759 41.666668
68.219933 68.542732 41.666668
68.071304 68.858376 41.666668
67.896790 69.160484 41.666668
67.697617 69.446930 41.666668
67.475174 69.715706 41.666668
67.231026 69.964928 41.666668
66.966888 70.192856 41.666668
66.684601 70.397888 41.666668
66.386154 70.578583 41.666668
66.073639 70.733681 41.666668
65.749245 70.862083 41.666668
65.415237 70.962906 41.666668
65.073975 71.035423 41.666668
64.727837 71.079140 41.666668
68.501030 67.537071 41.666668
68.501030 67.537071 42.083332
64.727837 71.079140 42.083332
65.073975 71.035423 42.083332
65.415237 70.962906 42.083332
65.749245 70.862083 42.083332
66.073639 70.733681 42.083332
66.386154 70.578583 42.083332
66.684601 70.397888 42.083332
66.966888 70.192856 42.083332
67.231026 69.964928 42.083332
67.475174 69.715706 42.083332
67.697617 69.446930 42.083332
67.896790 69.160484 42.083332
68.071304 68.858376 42.083332
68.219933 68.542732 42.083332
68.341637 68.215759 42.083332
68.435555 67.879753 42.083332
69.262207 61.250305 41.666668
68.923172 64.398720 41.666668
34.375000 71.093750 41.666668
34.011852 71.077896 41.666668
33.651466 71.030449 41.666668
33.296589 70.951775 41.666668
32.949917 70.842468 41.666668
32.614090 70.703369 41.666668
32.291668 70.535522 41.666668
31.985098 70.340218 41.666668
31.696718 70.118935 41.666668
31.428722 69.873360 41.666668
31.183147 69.605362 41.666668
30.961866 69.316986 41.666668
30.766562 69.010414 41.666668
30.598719 68.687996 41.666668
30.459614 68.352165 41.666668
30.350309 68.005493 41.666668
30.271633 67.650620 41.666668
30.224190 67.290230 41.666668
30.208332 66.927086 41.666668
30.208332 57.812500 41.666668
30.224190 57.449352 41.666668
30.271633 57.088966 41.666668
30.350309 56.734089 41.666668
30.459614 56.387417 41.666668
30.598719 56.051590 41.666668
30.766562 55.729168 41.666668
30.961866 55.422600 41.666668
31.183147 55.134216 41.666668
31.428722 54.866222 41.666668
31.696718 54.620647 41.666668
31.985098 54.399364 41.666668
32.291668 54.204060 41.666668
32.614090 54.036217 41.666668
32.949917 53.897114 41.666668
33.296589 53.787807 41.666668
33.651466 53.709133 41.666668
34.011852 53.661690 41.666668
39.220184 58.218979 41.666668
38.859798 58.266426 41.666668
38.504921 58.345100 41.666668
38.158249 58.454407 41.666668
37.822426 58.593510 41.666668
37.500000 58.761353 41.666668
37.193432 58.956657 41.666668
36.905052 59.177940 41.666668
36.637054 59.423512 41.666668
36.391479 59.691509 41.666668
36.170200 59.979889 41.666668
35.974895 60.286457 41.666668
35.807053 60.608883 41.666668
35.667946 60.944710 41.666668
35.558643 61.291378 41.666668
35.479969 61.646259 41.666668
35.432522 62.006641 41.666668
35.416668 62.369793 41.666668
35.432522 62.732941 41.666668
35.479969 63.093327 41.666668
35.558643 63.448204 41.666668
35.667946 63.794876 41.666668
35.807053 64.130699 41.666668
35.974895 64.453125 41.666668
36.170200 64.759689 41.666668
36.391479 65.048073 41.666668
36.637054 65.316071 41.666668
36.905052 65.561646 41.666668
37.193432 65.782928 41.666668
37.500000 65.978233 41.666668
37.822426 66.146072 41.666668
38.158249 66.285179 41.666668
38.504921 66.394485 41.666668
38.859798 66.473160 41.666668
39.220184 66.520599 41.666668
39.583332 66.536461 41.666668
39.946484 66.520599 41.666668
40.306866 66.473160 41.666668
40.661747 66.394485 41.666668
41.008415 66.285179 41.666668
41.344242 66.146072 41.666668
41.666668 65.978233 41.666668
41.973236 65.782928 41.666668
42.261616 65.561646 41.666668
42.529613 65.316071 41.666668
42.775185 65.048073 41.666668
42.996468 64.759689 41.666668
43.191772 64.453125 41.666668
43.359615 64.130699 41.666668
43.498718 63.794876 41.666668
43.608025 63.448204 41.666668
43.686699 63.093327 41.666668
43.734146 62.732941 41.666668
43.750000 62.369793 41.666668
43.734146 62.006641 41.666668
43.686699 61.646259 41.666668
43.608025 61.291378 41.666668
43.498718 60.944710 41.666668
43.359615 60.608883 41.666668
43.191772 60.286457 41.666668
42.996468 59.979889 41.666668
42.775185 59.691509 41.666668
42.529613 59.423512 41.666668
42.261616 59.177940 41.666668
41.973236 58.956657 41.666668
41.666668 58.761353 41.666668
41.344242 58.593510 41.666668
41.008415 58.454407 41.666668
40.661747 58.345100 41.666668
40.306866 58.266426 41.666668
39.946484 58.218979 41.666668
39.583332 58.203125 41.666668
67.662941 61.850941 41.666668
67.617889 61.856873 41.666668
67.573532 61.866707 41.666668
67.530197 61.880367 41.666668
67.488220 61.897755 41.666668
67.447914 61.918736 41.666668
67.409599 61.943150 41.666668
67.373550 61.970810 41.666668
67.340050 62.001507 41.666668
67.309349 62.035007 41.666668
67.281693 62.071053 41.666668
67.257278 62.109375 41.666668
67.236298 62.149677 41.666668
67.218910 62.191654 41.666668
67.205246 62.234989 41.666668
67.195412 62.279350 41.666668
67.189484 62.324398 41.666668
67.187500 62.369793 41.666668
67.189484 62.415184 41.666668
67.195412 62.460232 41.666668
67.205246 62.504593 41.666668
67.218910 62.547928 41.666668
67.236298 62.589905 41.666668
67.257278 62.630207 41.666668
67.281693 62.668530 41.666668
67.309349 62.704578 41.666668
67.340050 62.738075 41.666668
67.373550 62.768772 41.666668
67.409599 62.796432 41.666668
67.447914 62.820847 41.666668
67.488220 62.841827 41.666668
67.530197 62.859215 41.666668
67.573532 62.872879 41.666668
67.617889 62.882713 41.666668
67.662941 62.888641 41.666668
67.708336 62.890625 41.666668
67.753731 62.888641 41.666668
67.798775 62.882713 41.666668
67.843132 62.872879 41.666668
67.886467 62.859215 41.666668
67.928444 62.841827 41.666668
67.968750 62.820847 41.666668
68.007072 62.796432 41.666668
68.043121 62.768772 41.666668
68.076614 62.738075 41.666668
68.107315 62.704578 41.666668
68.134972 62.668530 41.666668
68.159386 62.630207 41.666668
68.180367 62.589905 41.666668
68.197754 62.547928 41.666668
68.211418 62.504593 41.666668
68.221252 62.460232 41.666668
68.227188 62.415184 41.666668
68.229164 62.369793 41.666668
68.227188 62.324398 41.666668
68.221252 62.279350 41.666668
68.211418 62.234989 41.666668
68.197754 62.191654 41.666668
68.180367 62.149677 41.666668
68.159386 62.109375 41.666668
68.134972 62.071053 41.666668
68.107315 62.035007 41.666668
68.076614 62.001507 41.666668
68.043121 61.970810 41.666668
68.007072 61.943150 41.666668
67.968750 61.918736 41.666668
67.928444 61.897755 41.666668
67.886467 61.880367 41.666668
67.843132 61.866707 41.666668
67.798775 61.856873 41.666668
67.753731 61.850941 41.666668
67.708336 61.848957 41.666668
34.375000 71.093750 42.083332
60.871460 78.645836 41.666668
60.871460 78.645836 42.083332
64.952354 83.653595 42.083332
65.008766 83.306252 42.083332
65.035675 82.955391 42.083332
65.032883 82.603516 42.083332
65.000404 82.253128 42.083332
64.938484 81.906731 42.083332
64.847549 81.566788 42.083332
64.728264 81.235733 42.083332
64.581459 80.915924 42.083332
64.408203 80.609650 42.083332
64.209717 80.319077 42.083332
63.987419 80.046295 42.083332
63.742901 79.793236 42.083332
63.477898 79.561722 42.083332
63.194309 79.353386 42.083332
62.894150 79.169724 42.083332
62.579563 79.012039 42.083332
62.252796 78.881470 42.083332
61.916176 78.778931 42.083332
61.572105 78.705162 42.083332
61.223038 78.660690 42.083332
64.866829 83.994934 42.083332
64.866829 83.994934 41.666668
61.223038 78.660690 41.666668
61.572105 78.705162 41.666668
61.916176 78.778931 41.666668
62.252796 78.881470 41.666668
62.579563 79.012039 41.666668
62.894150 79.169724 41.666668
63.194309 79.353386 41.666668
63.477898 79.561722 41.666668
63.742901 79.793236 41.666668
63.987419 80.046295 41.666668
64.209717 80.319077 41.666668
64.408203 80.609650 41.666668
64.581459 80.915924 41.666668
64.728264 81.235733 41.666668
64.847549 81.566788 41.666668
64.938484 81.906731 41.666668
65.000404 82.253128 41.666668
65.032883 82.603516 41.666668
65.035675 82.955391 41.666668
65.008766 83.306252 41.666668
64.952354 83.653595 41.666668
65.956444 80.069023 42.083332
65.428329 82.036613 42.083332
66.451027 78.092735 42.083332
66.451027 78.092735 42.916668
62.381565 91.478035 42.916668
64.611870 84.844849 42.916668
59.767727 97.969673 42.916668
59.767727 97.969673 42.083332
60.411957 96.467659 42.083332
61.035633 94.957001 42.083332
61.638641 93.437965 42.083332
61.638641 93.437965 41.666668
63.878349 87.172096 41.666668
62.802010 90.320587 41.666668
57.755558 96.093750 42.083332
57.755558 96.093750 41.666668
61.495075 93.764778 41.666668
61.324066 94.078102 41.666668
61.126865 94.375633 41.666668
60.904922 94.655197 41.666668
60.659866 94.914742 41.666668
60.393497 95.152359 41.666668
60.107765 95.366302 41.666668
59.804771 95.555008 41.666668
59.486736 95.717087 41.666668
59.155998 95.851349 41.666668
58.814983 95.956818 41.666668
58.466190 96.032700 41.666668
58.112183 96.078461 41.666668
58.112183 96.078461 42.083332
58.466190 96.032700 42.083332
58.814983 95.956818 42.083332
59.155998 95.851349 42.083332
59.486736 95.717087 42.083332
59.804771 95.555008 42.083332
60.107765 95.366302 42.083332
60.393497 95.152359 42.083332
60.659866 94.914742 42.083332
60.904922 94.655197 42.083332
61.126865 94.375633 42.083332
61.324066 94.078102 42.083332
61.495075 93.764778 42.083332
34.375000 96.093750 42.083332
34.375000 96.093750 41.666668
57.755558 3.906250 41.666668
57.755558 3.906250 42.083332
61.495075 6.235222 42.083332
61.324066 5.921901 42.083332
61.126865 5.624366 42.083332
60.904922 5.344801 42.083332
60.659866 5.085258 42.083332
60.393497 4.847642 42.083332
60.107765 4.633697 42.083332
59.804771 4.444992 42.083332
59.486736 4.282913 42.083332
59.155998 4.148649 42.083332
58.814983 4.043186 42.083332
58.466190 3.967297 42.083332
58.112183 3.921540 42.083332
61.638641 6.562031 42.083332
61.638641 6.562031 41.666668
58.112183 3.921540 41.666668
58.466190 3.967297 41.666668
58.814983 4.043186 41.666668
59.155998 4.148649 41.666668
59.486736 4.282913 41.666668
59.804771 4.444992 41.666668
60.107765 4.633697 41.666668
60.393497 4.847642 41.666668
60.659866 5.085258 41.666668
60.904922 5.344801 41.666668
61.126865 5.624366 41.666668
61.324066 5.921901 41.666668
61.495075 6.235222 41.666668
60.411957 3.532340 42.083332
61.035633 5.043001 42.083332
59.767727 2.030328 42.083332
59.767727 2.030328 42.916668
64.611870 15.155155 42.916668
62.381565 8.521964 42.916668
66.451027 21.907265 42.916668
66.451027 21.907265 42.083332
65.956444 19.930979 42.083332
65.428329 17.963390 42.083332
64.866829 16.005068 42.083332
64.866829 16.005068 41.666668
62.802010 9.679411 41.666668
63.878349 12.827900 41.666668
60.871460 21.354168 42.083332
60.871460 21.354168 41.666668
64.952354 16.346407 41.666668
65.008766 16.693747 41.666668
65.035675 17.044605 41.666668
65.032883 17.396484 41.666668
65.000404 17.746874 41.666668
64.938484 18.093273 41.666668
64.847549 18.433212 41.666668
64.728264 18.764265 41.666668
64.581459 19.084072 41.666668
64.408203 19.390354 41.666668
64.209717 19.680922 41.666668
63.987419 19.953707 41.666668
63.742901 20.206762 41.666668
63.477898 20.438282 41.666668
63.194309 20.646616 41.666668
62.894150 20.830278 41.666668
62.579563 20.987959 41.666668
62.252796 21.118532 41.666668
61.916176 21.221069 41.666668
61.572105 21.294836 41.666668
61.223038 21.339308 41.666668
61.223038 21.339308 42.083332
61.572105 21.294836 42.083332
61.916176 21.221069 42.083332
62.252796 21.118532 42.083332
62.579563 20.987959 42.083332
62.894150 20.830278 42.083332
63.194309 20.646616 42.083332
63.477898 20.438282 42.083332
63.742901 20.206762 42.083332
63.987419 19.953707 42.083332
64.209717 19.680922 42.083332
64.408203 19.390354 42.083332
64.581459 19.084072 42.083332
64.728264 18.764265 42.083332
64.847549 18.433212 42.083332
64.938484 18.093273 42.083332
65.000404 17.746874 42.083332
65.032883 17.396484 42.083332
65.035675 17.044605 42.083332
65.008766 16.693747 42.083332
64.952354 16.346407 42.083332
34.375000 21.354168 42.083332
34.375000 21.354168 41.666668
64.379257 28.906250 41.666668
64.379257 28.906250 42.083332
68.435555 32.120247 42.083332
68.341637 31.784239 42.083332
68.219933 31.457266 42.083332
68.071304 31.141623 42.083332
67.896790 30.839518 42.083332
67.697617 30.553074 42.083332
67.475174 30.284296 42.083332
67.231026 30.035069 42.083332
66.966888 29.807140 42.083332
66.684601 29.602112 42.083332
66.386154 29.421413 42.083332
66.073639 29.266319 42.083332
65.749245 29.137913 42.083332
65.415237 29.037096 42.083332
65.073975 28.964575 42.083332
64.727837 28.920856 42.083332
68.501030 32.462933 42.083332
68.501030 32.462933 41.666668
64.727837 28.920856 41.666668
65.073975 28.964575 41.666668
65.415237 29.037096 41.666668
65.749245 29.137913 41.666668
66.073639 29.266319 41.666668
66.386154 29.421413 41.666668
66.684601 29.602112 41.666668
66.966888 29.807140 41.666668
67.231026 30.035069 41.666668
67.475174 30.284296 41.666668
67.697617 30.553074 41.666668
67.896790 30.839518 41.666668
68.071304 31.141623 41.666668
68.219933 31.457266 41.666668
68.341637 31.784239 41.666668
68.435555 32.120247 41.666668
67.662941 37.111359 41.666668
67.617889 37.117287 41.666668
67.573532 37.127121 41.666668
67.530197 37.140785 41.666668
67.488220 37.158173 41.666668
67.447914 37.179153 41.666668
67.409599 37.203568 41.666668
67.373550 37.231228 41.666668
67.340050 37.261925 41.666668
67.309349 37.295422 41.666668
67.281693 37.331470 41.666668
67.257278 37.369793 41.666668
67.236298 37.410095 41.666668
67.218910 37.452072 41.666668
67.205246 37.495407 41.666668
67.195412 37.539768 41.666668
67.189484 37.584816 41.666668
67.187500 37.630207 41.666668
67.189484 37.675602 41.666668
67.195412 37.720650 41.666668
67.205246 37.765011 41.666668
67.218910 37.808346 41.666668
67.236298 37.850323 41.666668
67.257278 37.890625 41.666668
67.281693 37.928947 41.666668
67.309349 37.964993 41.666668
67.340050 37.998493 41.666668
67.373550 38.029190 41.666668
67.409599 38.056850 41.666668
67.447914 38.081264 41.666668
67.488220 38.102245 41.666668
67.530197 38.119633 41.666668
67.573532 38.133293 41.666668
67.617889 38.143127 41.666668
67.662941 38.149059 41.666668
67.708336 38.151043 41.666668
67.753731 38.149059 41.666668
67.798775 38.143127 41.666668
67.843132 38.133293 41.666668
67.886467 38.119633 41.666668
67.928444 38.102245 41.666668
67.968750 38.081264 41.666668
68.007072 38.056850 41.666668
68.043121 38.029190 41.666668
68.076614 37.998493 41.666668
68.107315 37.964993 41.666668
68.134972 37.928947 41.666668
68.159386 37.890625 41.666668
68.180367 37.850323 41.666668
68.197754 37.808346 41.666668
68.211418 37.765011 41.666668
68.221252 37.720650 41.666668
68.227188 37.675602 41.666668
68.229164 37.630207 41.666668
68.227188 37.584816 41.666668
68.221252 37.539768 41.666668
68.211418 37.495407 41.666668
68.197754 37.452072 41.666668
68.180367 37.410095 41.666668
68.159386 37.369793 41.666668
68.134972 37.331470 41.666668
68.107315 37.295422 41.666668
68.076614 37.261925 41.666668
68.043121 37.231228 41.666668
68.007072 37.203568 41.666668
67.968750 37.179153 41.666668
67.928444 37.158173 41.666668
67.886467 37.140785 41.666668
67.843132 37.127121 41.666668
67.798775 37.117287 41.666668
67.753731 37.111359 41.666668
67.708336 37.109375 41.666668
39.220184 33.479397 41.666668
38.859798 33.526844 41.666668
38.504921 33.605518 41.666668
38.158249 33.714821 41.666668
37.822426 33.853928 41.666668
37.500000 34.021770 41.666668
37.193432 34.217075 41.666668
36.905052 34.438354 41.666668
36.637054 34.683929 41.666668
36.391479 34.951927 41.666668
36.170200 35.240307 41.666668
35.974895 35.546875 41.666668
35.807053 35.869301 41.666668
35.667946 36.205124 41.666668
35.558643 36.551796 41.666668
35.479969 36.906673 41.666668
35.432522 37.267059 41.666668
35.416668 37.630207 41.666668
35.432522 37.993359 41.666668
35.479969 38.353741 41.666668
35.558643 38.708622 41.666668
35.667946 39.055290 41.666668
35.807053 39.391117 41.666668
35.974895 39.713543 41.666668
36.170200 40.020111 41.666668
36.391479 40.308491 41.666668
36.637054 40.576488 41.666668
36.905052 40.822060 41.666668
37.193432 41.043343 41.666668
37.500000 41.238647 41.666668
37.822426 41.406490 41.666668
38.158249 41.545593 41.666668
38.504921 41.654900 41.666668
38.859798 41.733574 41.666668
39.220184 41.781021 41.666668
39.583332 41.796875 41.666668
39.946484 41.781021 41.666668
40.306866 41.733574 41.666668
40.661747 41.654900 41.666668
41.008415 41.545593 41.666668
41.344242 41.406490 41.666668
41.666668 41.238647 41.666668
41.973236 41.043343 41.666668
42.261616 40.822060 41.666668
42.529613 40.576488 41.666668
42.775185 40.308491 41.666668
42.996468 40.020111 41.666668
43.191772 39.713543 41.666668
43.359615 39.391117 41.666668
43.498718 39.055290 41.666668
43.608025 38.708622 41.666668
43.686699 38.353741 41.666668
43.734146 37.993359 41.666668
43.750000 37.630207 41.666668
43.734146 37.267059 41.666668
43.686699 36.906673 41.666668
43.608025 36.551796 41.666668
43.498718 36.205124 41.666668
43.359615 35.869301 41.666668
43.191772 35.546875 41.666668
42.996468 35.240307 41.666668
42.775185 34.951927 41.666668
42.529613 34.683929 41.666668
42.261616 34.438354 41.666668
41.973236 34.217075 41.666668
41.666668 34.021770 41.666668
41.344242 33.853928 41.666668
41.008415 33.714821 41.666668
40.661747 33.605518 41.666668
40.306866 33.526844 41.666668
39.946484 33.479397 41.666668
39.583332 33.463543 41.666668
68.923172 35.601280 41.666668
69.262207 38.749695 41.666668
69.517906 41.905968 41.666668
69.526711 42.265053 41.666668
69.504547 42.623558 41.666668
69.451599 42.978825 41.666668
69.368240 43.328209 41.666668
69.255112 43.669117 41.666668
69.113029 43.999012 41.666668
68.943069 44.315449 41.666668
68.746490 44.616070 41.666668
68.524750 44.898643 41.666668
68.279495 45.161072 41.666668
68.012550 45.401398 41.666668
67.725899 45.617844 41.666668
67.421669 45.808796 41.666668
67.102119 45.972836 41.666668
66.769638 46.108746 41.666668
66.426682 46.215515 41.666668
66.075806 46.292355 41.666668
65.719620 46.338684 41.666668
65.360764 46.354168 41.666668
34.375000 46.354168 41.666668
34.011852 46.338310 41.666668
33.651466 46.290867 41.666668
33.296589 46.212193 41.666668
32.949917 46.102886 41.666668
32.614090 45.963783 41.666668
32.291668 45.795940 41.666668
31.985098 45.600636 41.666668
31.696718 45.379353 41.666668
31.428722 45.133778 41.666668
31.183147 44.865784 41.666668
30.961866 44.577400 41.666668
30.766562 44.270832 41.666668
30.598719 43.948410 41.666668
30.459614 43.612583 41.666668
30.350309 43.265911 41.666668
30.271633 42.911034 41.666668
30.224190 42.550648 41.666668
30.208332 42.187500 41.666668
30.208332 33.072918 41.666668
30.224190 32.709766 41.666668
30.271633 32.349384 41.666668
30.350309 31.994505 41.666668
30.459614 31.647833 41.666668
30.598719 31.312008 41.666668
30.766562 30.989582 41.666668
30.961866 30.683016 41.666668
31.183147 30.394634 41.666668
31.428722 30.126638 41.666668
31.696718 29.881065 41.666668
31.985098 29.659782 41.666668
32.291668 29.464478 41.666668
32.614090 29.296635 41.666668
32.949917 29.157532 41.666668
33.296589 29.048225 41.666668
33.651466 28.969551 41.666668
34.011852 28.922106 41.666668
34.375000 28.906250 41.666668
67.960060 29.132151 42.083332
68.242279 30.795637 42.083332
67.654449 27.472807 42.083332
67.654449 27.472807 42.916668
69.429214 40.688377 42.916668
68.725853 34.055878 42.916668
69.762344 47.349743 42.916668
69.762344 47.349743 42.083332
69.708389 45.533985 42.083332
69.626900 43.719254 42.083332
69.517906 41.905968 42.083332
65.360764 46.354168 42.083332
65.719620 46.338684 42.083332
66.075806 46.292355 42.083332
66.426682 46.215515 42.083332
66.769638 46.108746 42.083332
67.102119 45.972836 42.083332
67.421669 45.808796 42.083332
67.725899 45.617844 42.083332
68.012550 45.401398 42.083332
68.279495 45.161072 42.083332
68.524750 44.898643 42.083332
68.746490 44.616070 42.083332
68.943069 44.315449 42.083332
69.113029 43.999012 42.083332
69.255112 43.669117 42.083332
69.368240 43.328209 42.083332
69.451599 42.978825 42.083332
69.504547 42.623558 42.083332
69.526711 42.265053 42.083332
30.208332 8.072917 41.666668
30.208332 8.072917 42.083332
34.011852 3.922105 42.083332
33.651466 3.969551 42.083332
33.296589 4.048226 42.083332
32.949917 4.157531 42.083332
32.614090 4.296634 42.083332
32.291668 4.464477 42.083332
31.985098 4.659783 42.083332
31.696718 4.881065 42.083332
31.428722 5.126638 42.083332
31.183147 5.394635 42.083332
30.961866 5.683015 42.083332
30.766562 5.989583 42.083332
30.598719 6.312007 42.083332
30.459614 6.647833 42.083332
30.350309 6.994504 42.083332
30.271633 7.349383 42.083332
30.224190 7.709768 42.083332
34.375000 3.906250 42.083332
34.375000 3.906250 41.666668
30.224190 7.709768 41.666668
30.271633 7.349383 41.666668
30.350309 6.994504 41.666668
30.459614 6.647833 41.666668
30.598719 6.312007 41.666668
30.766562 5.989583 41.666668
30.961866 5.683015 41.666668
31.183147 5.394635 41.666668
31.428722 5.126638 41.666668
31.696718 4.881065 41.666668
31.985098 4.659783 41.666668
32.291668 4.464477 41.666668
32.614090 4.296634 41.666668
32.949917 4.157531 41.666668
33.296589 4.048226 41.666668
33.651466 3.969551 41.666668
34.011852 3.922105 41.666668
30.224190 17.550650 42.083332
30.271633 17.911034 42.083332
30.350309 18.265913 42.083332
30.459614 18.612583 42.083332
30.598719 18.948408 42.083332
30.766562 19.270832 42.083332
30.961866 19.577402 42.083332
31.183147 19.865782 42.083332
31.428722 20.133778 42.083332
31.696718 20.379353 42.083332
31.985098 20.600634 42.083332
32.291668 20.795938 42.083332
32.614090 20.963781 42.083332
32.949917 21.102886 42.083332
33.296589 21.212191 42.083332
33.651466 21.290867 42.083332
34.011852 21.338310 42.083332
30.208332 17.187500 42.083332
30.208332 17.187500 41.666668
34.011852 21.338310 41.666668
33.651466 21.290867 41.666668
33.296589 21.212191 41.666668
32.949917 21.102886 41.666668
32.614090 20.963781 41.666668
32.291668 20.795938 41.666668
31.985098 20.600634 41.666668
31.696718 20.379353 41.666668
31.428722 20.133778 41.666668
31.183147 19.865782 41.666668
30.961866 19.577402 41.666668
30.766562 19.270832 41.666668
30.598719 18.948408 41.666668
30.459614 18.612583 41.666668
30.350309 18.265913 41.666668
30.271633 17.911034 41.666668
30.224190 17.550650 41.666668
30.208332 22.395832 42.083332
30.208332 22.395832 42.916668
30.208332 2.864583 42.916668
30.208332 2.864583 42.083332
30.208332 33.072918 42.083332
34.011852 28.922106 42.083332
33.651466 28.969551 42.083332
33.296589 29.048225 42.083332
32.949917 29.157532 42.083332
32.614090 29.296635 42.083332
32.291668 29.464478 42.083332
31.985098 29.659782 42.083332
31.696718 29.881065 42.083332
31.428722 30.126638 42.083332
31.183147 30.394634 42.083332
30.961866 30.683016 42.083332
30.766562 30.989582 42.083332
30.598719 31.312008 42.083332
30.459614 31.647833 42.083332
30.350309 31.994505 42.083332
30.271633 32.349384 42.083332
30.224190 32.709766 42.083332
34.375000 28.906250 42.083332
30.208332 27.864582 42.083332
30.208332 42.187500 42.083332
30.208332 47.395832 42.083332
34.375000 46.354168 42.083332
30.224190 42.550648 42.083332
30.271633 42.911034 42.083332
30.350309 43.265911 42.083332
30.459614 43.612583 42.083332
30.598719 43.948410 42.083332
30.766562 44.270832 42.083332
30.961866 44.577400 42.083332
31.183147 44.865784 42.083332
31.428722 45.133778 42.083332
31.696718 45.379353 42.083332
31.985098 45.600636 42.083332
32.291668 45.795940 42.083332
32.614090 45.963783 42.083332
32.949917 46.102886 42.083332
33.296589 46.212193 42.083332
33.651466 46.290867 42.083332
34.011852 46.338310 42.083332
30.208332 57.812500 42.083332
34.011852 53.661690 42.083332
33.651466 53.709133 42.083332
33.296589 53.787807 42.083332
32.949917 53.897114 42.083332
32.614090 54.036217 42.083332
32.291668 54.204060 42.083332
31.985098 54.399364 42.083332
31.696718 54.620647 42.083332
31.428722 54.866222 42.083332
31.183147 55.134216 42.083332
30.961866 55.422600 42.083332
30.766562 55.729168 42.083332
30.598719 56.051590 42.083332
30.459614 56.387417 42.083332
30.350309 56.734089 42.083332
30.271633 57.088966 42.083332
30.224190 57.449352 42.083332
30.224190 67.290230 42.083332
30.271633 67.650620 42.083332
30.350309 68.005493 42.083332
30.459614 68.352165 42.083332
30.598719 68.687996 42.083332
30.766562 69.010414 42.083332
30.961866 69.316986 42.083332
31.183147 69.605362 42.083332
31.428722 69.873360 42.083332
31.696718 70.118935 42.083332
31.985098 70.340218 42.083332
32.291668 70.535522 42.083332
32.614090 70.703369 42.083332
32.949917 70.842468 42.083332
33.296589 70.951775 42.083332
33.651466 71.030449 42.083332
34.011852 71.077896 42.083332
30.208332 66.927086 42.083332
30.208332 72.135414 42.083332
30.208332 52.604168 42.083332
30.208332 82.812500 41.666668
30.208332 82.812500 42.083332
34.011852 78.661690 42.083332
33.651466 78.709137 42.083332
33.296589 78.787811 42.083332
32.949917 78.897118 42.083332
32.614090 79.036217 42.083332
32.291668 79.204063 42.083332
31.985098 79.399368 42.083332
31.696718 79.620651 42.083332
31.428722 79.866219 42.083332
31.183147 80.134216 42.083332
30.961866 80.422600 42.083332
30.766562 80.729164 42.083332
30.598719 81.051590 42.083332
30.459614 81.387413 42.083332
30.350309 81.734085 42.083332
30.271633 82.088966 42.083332
30.224190 82.449348 42.083332
34.375000 78.645836 42.083332
34.375000 78.645836 41.666668
30.224190 82.449348 41.666668
30.271633 82.088966 41.666668
30.350309 81.734085 41.666668
30.459614 81.387413 41.666668
30.598719 81.051590 41.666668
30.766562 80.729164 41.666668
30.961866 80.422600 41.666668
31.183147 80.134216 41.666668
31.428722 79.866219 41.666668
31.696718 79.620651 41.666668
31.985098 79.399368 41.666668
32.291668 79.204063 41.666668
32.614090 79.036217 41.666668
32.949917 78.897118 41.666668
33.296589 78.787811 41.666668
33.651466 78.709137 41.666668
34.011852 78.661690 41.666668
30.224190 92.290230 42.083332
30.271633 92.650620 42.083332
30.350309 93.005493 42.083332
30.459614 93.352165 42.083332
30.598719 93.687996 42.083332
30.766562 94.010414 42.083332
30.961866 94.316986 42.083332
31.183147 94.605362 42.083332
31.428722 94.873360 42.083332
31.696718 95.118935 42.083332
31.985098 95.340218 42.083332
32.291668 95.535522 42.083332
32.614090 95.703369 42.083332
32.949917 95.842468 42.083332
33.296589 95.951775 42.083332
33.651466 96.030449 42.083332
34.011852 96.077896 42.083332
30.208332 91.927086 42.083332
30.208332 91.927086 41.666668
34.011852 96.077896 41.666668
33.651466 96.030449 41.666668
33.296589 95.951775 41.666668
32.949917 95.842468 41.666668
32.614090 95.703369 41.666668
32.291668 95.535522 41.666668
31.985098 95.340218 41.666668
31.696718 95.118935 41.666668
31.428722 94.873360 41.666668
31.183147 94.605362 41.666668
30.961866 94.316986 41.666668
30.766562 94.010414 41.666668
30.598719 93.687996 41.666668
30.459614 93.352165 41.666668
30.350309 93.005493 41.666668
30.271633 92.650620 41.666668
30.224190 92.290230 41.666668
30.208332 97.135414 42.083332
30.208332 97.135414 42.916668
30.208332 77.604164 42.916668
30.208332 77.604164 42.083332
32.291668 74.218750 42.083332
32.110092 74.210823 42.083332
31.929899 74.187096 42.083332
31.752460 74.147758 42.083332
31.579124 74.093109 42.083332
31.411213 74.023560 42.083332
31.250000 73.939636 42.083332
31.096716 73.841980 42.083332
30.952526 73.731346 42.083332
30.818527 73.608559 42.083332
30.695742 73.474556 42.083332
30.585100 73.330368 42.083332
30.487448 73.177086 42.083332
30.403524 73.015869 42.083332
30.333975 72.847961 42.083332
30.279322 72.674622 42.083332
30.239985 72.497185 42.083332
30.216261 72.316994 42.083332
65.608284 74.218750 42.083332
65.608284 74.218750 42.916668
69.847984 74.218750 42.916668
69.847984 74.218750 52.083332
32.291668 50.520832 42.083332
30.216261 52.422592 42.083332
30.239985 52.242401 42.083332
30.279322 52.064960 42.083332
30.333975 51.891624 42.083332
30.403524 51.723713 42.083332
30.487448 51.562500 42.083332
30.585100 51.409218 42.083332
30.695742 51.265026 42.083332
30.818527 51.131027 42.083332
30.952526 51.008240 42.083332
31.096716 50.897598 42.083332
31.250000 50.799946 42.083332
31.411213 50.716026 42.083332
31.579124 50.646473 42.083332
31.752460 50.591820 42.083332
31.929899 50.552483 42.083332
32.110092 50.528763 42.083332
67.679520 50.520832 42.083332
67.853981 50.528152 42.083332
68.027214 50.550053 42.083332
68.198006 50.586384 42.083332
68.365150 50.636887 42.083332
68.527481 50.701210 42.083332
68.683861 50.778900 42.083332
68.833176 50.869415 42.083332
68.974396 50.972115 42.083332
69.106514 51.086281 42.083332
69.228607 51.211109 42.083332
69.339821 51.345722 42.083332
69.439369 51.489174 42.083332
69.526558 51.640461 42.083332
69.600777 51.798515 42.083332
69.661491 51.962231 42.083332
69.708282 52.130455 42.083332
69.740829 52.302006 42.083332
69.758888 52.475681 42.083332
69.762344 52.650257 42.083332
69.708389 54.466015 42.083332
69.626900 56.280746 42.083332
71.847176 50.520832 52.083332
71.847176 50.520832 42.916668
67.679520 50.520832 42.916668
32.291668 25.781250 42.083332
30.216261 27.683008 42.083332
30.239985 27.502815 42.083332
30.279322 27.325377 42.083332
30.333975 27.152040 42.083332
30.403524 26.984129 42.083332
30.487448 26.822918 42.083332
30.585100 26.669632 42.083332
30.695742 26.525442 42.083332
30.818527 26.391443 42.083332
30.952526 26.268658 42.083332
31.096716 26.158016 42.083332
31.250000 26.060364 42.083332
31.411213 25.976442 42.083332
31.579124 25.906891 42.083332
31.752460 25.852238 42.083332
31.929899 25.812901 42.083332
32.110092 25.789179 42.083332
69.847984 25.781250 52.083332
69.847984 25.781250 42.916668
65.608284 25.781250 42.916668
65.608284 25.781250 42.083332
32.291668 49.479168 42.083332
32.110092 49.471237 42.083332
31.929899 49.447517 42.083332
31.752460 49.408180 42.083332
31.579124 49.353527 42.083332
31.411213 49.283974 42.083332
31.250000 49.200054 42.083332
31.096716 49.102402 42.083332
30.952526 48.991760 42.083332
30.818527 48.868973 42.083332
30.695742 48.734974 42.083332
30.585100 48.590782 42.083332
30.487448 48.437500 42.083332
30.403524 48.276287 42.083332
30.333975 48.108376 42.083332
30.279322 47.935040 42.083332
30.239985 47.757599 42.083332
30.216261 47.577408 42.083332
32.110092 0.789178 42.916668
31.929899 0.812901 42.916668
31.752460 0.852238 42.916668
31.579124 0.906890 42.916668
31.411213 0.976442 42.916668
31.250000 1.060364 42.916668
31.096716 1.158017 42.916668
30.952526 1.268657 42.916668
30.818527 1.391444 42.916668
30.695742 1.525442 42.916668
30.585100 1.669632 42.916668
30.487448 1.822917 42.916668
30.403524 1.984129 42.916668
30.333975 2.152041 42.916668
30.279322 2.325377 42.916668
30.239985 2.502816 42.916668
30.216261 2.683009 42.916668
32.291668 0.781250 42.916668
32.291668 0.781250 42.083332
30.216261 2.683009 42.083332
30.239985 2.502816 42.083332
30.279322 2.325377 42.083332
30.333975 2.152041 42.083332
30.403524 1.984129 42.083332
30.487448 1.822917 42.083332
30.585100 1.669632 42.083332
30.695742 1.525442 42.083332
30.818527 1.391444 42.083332
30.952526 1.268657 42.083332
31.096716 1.158017 42.083332
31.250000 1.060364 42.083332
31.411213 0.976442 42.083332
31.579124 0.906890 42.083332
31.752460 0.852238 42.083332
31.929899 0.812901 42.083332
32.110092 0.789178 42.083332
57.858723 0.781250 42.083332
58.030968 0.788382 42.083332
58.202030 0.809731 42.083332
58.370743 0.845149 42.083332
58.535950 0.894395 42.083332
58.696522 0.957131 42.083332
58.851353 1.032928 42.083332
58.999390 1.121266 42.083332
59.139618 1.221541 42.083332
59.271072 1.333066 42.083332
59.392860 1.455078 42.083332
59.504139 1.586741 42.083332
59.604156 1.727154 42.083332
59.692219 1.875354 42.083332
28.125000 0.781250 42.916668
28.125000 0.781250 52.083332
62.391140 0.781250 52.083332
62.391140 0.781250 42.916668
57.858723 0.781250 42.916668
32.291668 24.479168 42.083332
32.291668 24.479168 42.916668
30.216261 22.577408 42.916668
30.239985 22.757601 42.916668
30.279322 22.935040 42.916668
30.333975 23.108376 42.916668
30.403524 23.276287 42.916668
30.487448 23.437500 42.916668
30.585100 23.590784 42.916668
30.695742 23.734974 42.916668
30.818527 23.868973 42.916668
30.952526 23.991758 42.916668
31.096716 24.102400 42.916668
31.250000 24.200052 42.916668
31.411213 24.283976 42.916668
31.579124 24.353525 42.916668
31.752460 24.408178 42.916668
31.929899 24.447515 42.916668
32.110092 24.471239 42.916668
32.110092 24.471239 42.083332
31.929899 24.447515 42.083332
31.752460 24.408178 42.083332
31.579124 24.353525 42.083332
31.411213 24.283976 42.083332
31.250000 24.200052 42.083332
31.096716 24.102400 42.083332
30.952526 23.991758 42.083332
30.818527 23.868973 42.083332
30.695742 23.734974 42.083332
30.585100 23.590784 42.083332
30.487448 23.437500 42.083332
30.403524 23.276287 42.083332
30.333975 23.108376 42.083332
30.279322 22.935040 42.083332
30.239985 22.757601 42.083332
30.216261 22.577408 42.083332
28.125000 24.479168 42.916668
64.425789 24.479168 42.083332
64.425789 24.479168 42.916668
68.707733 24.479168 42.916668
68.707733 24.479168 52.083332
28.125000 24.479168 52.083332
59.692219 1.875354 42.916668
59.604156 1.727154 42.916668
59.504139 1.586741 42.916668
59.392860 1.455078 42.916668
59.271072 1.333066 42.916668
59.139618 1.221541 42.916668
58.999390 1.121266 42.916668
58.851353 1.032928 42.916668
58.696522 0.957131 42.916668
58.535950 0.894395 42.916668
58.370743 0.845149 42.916668
58.202030 0.809731 42.916668
58.030968 0.788382 42.916668
66.485527 22.083174 42.083332
66.504784 22.261398 42.083332
66.508644 22.440619 42.083332
66.497086 22.619507 42.083332
66.470184 22.796740 42.083332
66.428154 22.971003 42.083332
66.371300 23.141008 42.083332
66.300034 23.305496 42.083332
66.214897 23.463251 42.083332
66.116508 23.613100 42.083332
66.005608 23.753939 42.083332
65.883011 23.884722 42.083332
65.749619 24.004482 42.083332
65.606430 24.112331 42.083332
65.454498 24.207472 42.083332
65.294952 24.289200 42.083332
65.128975 24.356909 42.083332
64.957787 24.410097 42.083332
64.782654 24.448374 42.083332
64.604889 24.471455 42.083332
64.604889 24.471455 42.916668
64.782654 24.448374 42.916668
64.957787 24.410097 42.916668
65.128975 24.356909 42.916668
65.294952 24.289200 42.916668
65.454498 24.207472 42.916668
65.606430 24.112331 42.916668
65.749619 24.004482 42.916668
65.883011 23.884722 42.916668
66.005608 23.753939 42.916668
66.116508 23.613100 42.916668
66.214897 23.463251 42.916668
66.300034 23.305496 42.916668
66.371300 23.141008 42.916668
66.428154 22.971003 42.916668
66.470184 22.796740 42.916668
66.497086 22.619507 42.916668
66.508644 22.440619 42.916668
66.504784 22.261398 42.916668
66.485527 22.083174 42.916668
67.613037 27.297796 42.916668
67.556686 27.127010 42.916668
67.485809 26.961721 42.916668
67.400948 26.803162 42.916668
67.302734 26.652510 42.916668
67.191879 26.510889 42.916668
67.069237 26.379358 42.916668
66.935699 26.258892 42.916668
66.792274 26.150394 42.916668
66.640022 26.054670 42.916668
66.480087 25.972431 42.916668
66.313652 25.904293 42.916668
66.141960 25.850765 42.916668
65.966293 25.812243 42.916668
65.787956 25.789013 42.916668
65.787956 25.789013 42.083332
65.966293 25.812243 42.083332
66.141960 25.850765 42.083332
66.313652 25.904293 42.083332
66.480087 25.972431 42.083332
66.640022 26.054670 42.083332
66.792274 26.150394 42.083332
66.935699 26.258892 42.083332
67.069237 26.379358 42.083332
67.191879 26.510889 42.083332
67.302734 26.652510 42.083332
67.400948 26.803162 42.083332
67.485809 26.961721 42.083332
67.556686 27.127010 42.083332
67.613037 27.297796 42.083332
67.679520 49.479168 42.916668
67.679520 49.479168 42.083332
69.758888 47.524319 42.083332
69.740829 47.697994 42.083332
69.708282 47.869545 42.083332
69.661491 48.037769 42.083332
69.600777 48.201485 42.083332
69.526558 48.359539 42.083332
69.439369 48.510826 42.083332
69.339821 48.654278 42.083332
69.228607 48.788891 42.083332
69.106514 48.913719 42.083332
68.974396 49.027885 42.083332
68.833176 49.130585 42.083332
68.683861 49.221100 42.083332
68.527481 49.298790 42.083332
68.365150 49.363113 42.083332
68.198006 49.413616 42.083332
68.027214 49.449947 42.083332
67.853981 49.471848 42.083332
67.853981 49.471848 42.916668
68.027214 49.449947 42.916668
68.198006 49.413616 42.916668
68.365150 49.363113 42.916668
68.527481 49.298790 42.916668
68.683861 49.221100 42.916668
68.833176 49.130585 42.916668
68.974396 49.027885 42.916668
69.106514 48.913719 42.916668
69.228607 48.788891 42.916668
69.339821 48.654278 42.916668
69.439369 48.510826 42.916668
69.526558 48.359539 42.916668
69.600777 48.201485 42.916668
69.661491 48.037769 42.916668
69.708282 47.869545 42.916668
69.740829 47.697994 42.916668
69.758888 47.524319 42.916668
71.847176 49.479168 42.916668
71.847176 49.479168 52.083332
69.758888 52.475681 42.916668
69.740829 52.302006 42.916668
69.708282 52.130455 42.916668
69.661491 51.962231 42.916668
69.600777 51.798515 42.916668
69.526558 51.640461 42.916668
69.439369 51.489174 42.916668
69.339821 51.345722 42.916668
69.228607 51.211109 42.916668
69.106514 51.086281 42.916668
68.974396 50.972115 42.916668
68.833176 50.869415 42.916668
68.683861 50.778900 42.916668
68.527481 50.701210 42.916668
68.365150 50.636887 42.916668
68.198006 50.586384 42.916668
68.027214 50.550053 42.916668
67.853981 50.528152 42.916668
69.762344 52.650257 42.916668
67.613037 72.702202 42.083332
67.556686 72.872986 42.083332
67.485809 73.038277 42.083332
67.400948 73.196838 42.083332
67.302734 73.347488 42.083332
67.191879 73.489113 42.083332
67.069237 73.620644 42.083332
66.935699 73.741104 42.083332
66.792274 73.849602 42.083332
66.640022 73.945328 42.083332
66.480087 74.027565 42.083332
66.313652 74.095703 42.083332
66.141960 74.149239 42.083332
65.966293 74.187759 42.083332
65.787956 74.210991 42.083332
67.654449 72.527191 42.083332
67.654449 72.527191 42.916668
65.787956 74.210991 42.916668
65.966293 74.187759 42.916668
66.141960 74.149239 42.916668
66.313652 74.095703 42.916668
66.480087 74.027565 42.916668
66.640022 73.945328 42.916668
66.792274 73.849602 42.916668
66.935699 73.741104 42.916668
67.069237 73.620644 42.916668
67.191879 73.489113 42.916668
67.302734 73.347488 42.916668
67.400948 73.196838 42.916668
67.485809 73.038277 42.916668
67.556686 72.872986 42.916668
67.613037 72.702202 42.916668
67.960060 70.867851 42.083332
68.242279 69.204361 42.083332
66.485527 77.916824 42.916668
66.504784 77.738602 42.916668
66.508644 77.559380 42.916668
66.497086 77.380493 42.916668
66.470184 77.203262 42.916668
66.428154 77.028999 42.916668
66.371300 76.858994 42.916668
66.300034 76.694504 42.916668
66.214897 76.536751 42.916668
66.116508 76.386902 42.916668
66.005608 76.246063 42.916668
65.883011 76.115280 42.916668
65.749619 75.995522 42.916668
65.606430 75.887672 42.916668
65.454498 75.792526 42.916668
65.294952 75.710800 42.916668
65.128975 75.643089 42.916668
64.957787 75.589905 42.916668
64.782654 75.551628 42.916668
64.604889 75.528549 42.916668
64.604889 75.528549 42.083332
64.782654 75.551628 42.083332
64.957787 75.589905 42.083332
65.128975 75.643089 42.083332
65.294952 75.710800 42.083332
65.454498 75.792526 42.083332
65.606430 75.887672 42.083332
65.749619 75.995522 42.083332
65.883011 76.115280 42.083332
66.005608 76.246063 42.083332
66.116508 76.386902 42.083332
66.214897 76.536751 42.083332
66.300034 76.694504 42.083332
66.371300 76.858994 42.083332
66.428154 77.028999 42.083332
66.470184 77.203262 42.083332
66.497086 77.380493 42.083332
66.508644 77.559380 42.083332
66.504784 77.738602 42.083332
66.485527 77.916824 42.083332
57.858723 99.218750 42.916668
57.858723 99.218750 42.083332
59.692219 98.124649 42.083332
59.604156 98.272842 42.083332
59.504139 98.413261 42.083332
59.392860 98.544922 42.083332
59.271072 98.666931 42.083332
59.139618 98.778458 42.083332
58.999390 98.878731 42.083332
58.851353 98.967072 42.083332
58.696522 99.042870 42.083332
58.535950 99.105606 42.083332
58.370743 99.154854 42.083332
58.202030 99.190269 42.083332
58.030968 99.211617 42.083332
58.030968 99.211617 42.916668
58.202030 99.190269 42.916668
58.370743 99.154854 42.916668
58.535950 99.105606 42.916668
58.696522 99.042870 42.916668
58.851353 98.967072 42.916668
58.999390 98.878731 42.916668
59.139618 98.778458 42.916668
59.271072 98.666931 42.916668
59.392860 98.544922 42.916668
59.504139 98.413261 42.916668
59.604156 98.272842 42.916668
59.692219 98.124649 42.916668
32.291668 99.218750 42.083332
32.110092 99.210823 42.083332
31.929899 99.187096 42.083332
31.752460 99.147758 42.083332
31.579124 99.093109 42.083332
31.411213 99.023560 42.083332
31.250000 98.939636 42.083332
31.096716 98.841980 42.083332
30.952526 98.731346 42.083332
30.818527 98.608559 42.083332
30.695742 98.474556 42.083332
30.585100 98.330368 42.083332
30.487448 98.177086 42.083332
30.403524 98.015869 42.083332
30.333975 97.847961 42.083332
30.279322 97.674622 42.083332
30.239985 97.497185 42.083332
30.216261 97.316994 42.083332
32.291668 99.218750 42.916668
62.391140 99.218750 42.916668
62.391140 99.218750 52.083332
32.110092 75.528763 42.916668
31.929899 75.552483 42.916668
31.752460 75.591820 42.916668
31.579124 75.646477 42.916668
31.411213 75.716026 42.916668
31.250000 75.799950 42.916668
31.096716 75.897598 42.916668
30.952526 76.008240 42.916668
30.818527 76.131027 42.916668
30.695742 76.265022 42.916668
30.585100 76.409218 42.916668
30.487448 76.562500 42.916668
30.403524 76.723709 42.916668
30.333975 76.891624 42.916668
30.279322 77.064957 42.916668
30.239985 77.242401 42.916668
30.216261 77.422592 42.916668
30.216261 77.422592 42.083332
30.239985 77.242401 42.083332
30.279322 77.064957 42.083332
30.333975 76.891624 42.083332
30.403524 76.723709 42.083332
30.487448 76.562500 42.083332
30.585100 76.409218 42.083332
30.695742 76.265022 42.083332
30.818527 76.131027 42.083332
30.952526 76.008240 42.083332
31.096716 75.897598 42.083332
31.250000 75.799950 42.083332
31.411213 75.716026 42.083332
31.579124 75.646477 42.083332
31.752460 75.591820 42.083332
31.929899 75.552483 42.083332
32.110092 75.528763 42.083332
30.216261 97.316994 42.916668
30.239985 97.497185 42.916668
30.279322 97.674622 42.916668
30.333975 97.847961 42.916668
30.403524 98.015869 42.916668
30.487448 98.177086 42.916668
30.585100 98.330368 42.916668
30.695742 98.474556 42.916668
30.818527 98.608559 42.916668
30.952526 98.731346 42.916668
31.096716 98.841980 42.916668
31.250000 98.939636 42.916668
31.411213 99.023560 42.916668
31.579124 99.093109 42.916668
31.752460 99.147758 42.916668
31.929899 99.187096 42.916668
32.110092 99.210823 42.916668
64.238136 98.099197 42.916668
64.150948 98.250473 42.916668
64.051392 98.393921 42.916668
63.940182 98.528526 42.916668
63.818089 98.653343 42.916668
63.685970 98.767502 42.916668
63.544758 98.870193 42.916668
63.395439 98.960701 42.916668
63.239071 99.038383 42.916668
63.076744 99.102707 42.916668
62.909599 99.153206 42.916668
62.738815 99.189537 42.916668
62.565590 99.211433 42.916668
64.312355 97.941147 42.916668
64.312355 97.941147 52.083332
62.565590 99.211433 52.083332
62.738815 99.189537 52.083332
62.909599 99.153206 52.083332
63.076744 99.102707 52.083332
63.239071 99.038383 52.083332
63.395439 98.960701 52.083332
63.544758 98.870193 52.083332
63.685970 98.767502 52.083332
63.818089 98.653343 52.083332
63.940182 98.528526 52.083332
64.051392 98.393921 52.083332
64.150948 98.250473 52.083332
64.238136 98.099197 52.083332
70.769859 77.900658 52.083332
70.787666 77.723099 52.083332
70.790215 77.544670 52.083332
70.777489 77.366684 52.083332
70.749573 77.190437 52.083332
70.706673 77.017220 52.083332
70.649117 76.848312 52.083332
70.577309 76.684952 52.083332
70.491791 76.528336 52.083332
70.393181 76.379616 52.083332
70.282211 76.239876 52.083332
70.159683 76.110138 52.083332
70.026505 75.991371 52.083332
69.883652 75.884430 52.083332
69.732178 75.790115 52.083332
69.573181 75.709099 52.083332
69.407837 75.641991 52.083332
69.237350 75.589279 52.083332
69.062988 75.551346 52.083332
68.886009 75.528473 52.083332
70.736923 78.076035 52.083332
70.736923 78.076035 42.916668
68.886009 75.528473 42.916668
69.062988 75.551346 42.916668
69.237350 75.589279 42.916668
69.407837 75.641991 42.916668
69.573181 75.709099 42.916668
69.732178 75.790115 42.916668
69.883652 75.884430 42.916668
70.026505 75.991371 42.916668
70.159683 76.110138 42.916668
70.282211 76.239876 42.916668
70.393181 76.379616 42.916668
70.491791 76.528336 42.916668
70.577309 76.684952 42.916668
70.649117 76.848312 42.916668
70.706673 77.017220 42.916668
70.749573 77.190437 42.916668
70.777489 77.366684 42.916668
70.790215 77.544670 42.916668
70.787666 77.723099 42.916668
70.769859 77.900658 42.916668
68.968925 84.814690 42.916668
66.825150 91.443375 42.916668
66.825150 91.443375 52.083332
68.968925 84.814690 52.083332
71.856171 72.689896 42.916668
71.800575 72.861824 42.916668
71.730286 73.028290 42.916668
71.645836 73.188034 42.916668
71.547867 73.339859 42.916668
71.437103 73.482620 42.916668
71.314392 73.615257 42.916668
71.180649 73.736755 42.916668
71.036873 73.846207 42.916668
70.884163 73.942795 42.916668
70.723656 74.025780 42.916668
70.556557 74.094551 42.916668
70.384132 74.148582 42.916668
70.207672 74.187462 42.916668
70.028503 74.210915 42.916668
71.896667 72.513802 42.916668
71.896667 72.513802 52.083332
70.028503 74.210915 52.083332
70.207672 74.187462 52.083332
70.384132 74.148582 52.083332
70.556557 74.094551 52.083332
70.723656 74.025780 52.083332
70.884163 73.942795 52.083332
71.036873 73.846207 52.083332
71.180649 73.736755 52.083332
71.314392 73.615257 52.083332
71.437103 73.482620 52.083332
71.547867 73.339859 52.083332
71.645836 73.188034 52.083332
71.730286 73.028290 52.083332
71.800575 72.861824 52.083332
71.856171 72.689896 52.083332
73.926453 52.474190 52.083332
73.908272 52.300610 52.083332
73.875633 52.129162 52.083332
73.828758 51.961044 52.083332
73.767975 51.797443 52.083332
73.693710 51.639503 52.083332
73.606491 51.488335 52.083332
73.506920 51.344994 52.083332
73.395706 51.210491 52.083332
73.273621 51.085770 52.083332
73.141525 50.971703 52.083332
73.000343 50.869095 52.083332
72.851074 50.778664 52.083332
72.694756 50.701042 52.083332
72.532486 50.636776 52.083332
72.365417 50.586319 52.083332
72.194702 50.550022 52.083332
72.021553 50.528145 52.083332
73.930031 52.648682 52.083332
73.930031 52.648682 42.916668
72.021553 50.528145 42.916668
72.194702 50.550022 42.916668
72.365417 50.586319 42.916668
72.532486 50.636776 42.916668
72.694756 50.701042 42.916668
72.851074 50.778664 42.916668
73.000343 50.869095 42.916668
73.141525 50.971703 42.916668
73.273621 51.085770 42.916668
73.395706 51.210491 42.916668
73.506920 51.344994 42.916668
73.606491 51.488335 42.916668
73.693710 51.639503 42.916668
73.767975 51.797443 42.916668
73.828758 51.961044 42.916668
73.875633 52.129162 42.916668
73.908272 52.300610 42.916668
73.926453 52.474190 42.916668
73.608696 59.303650 42.916668
72.930260 65.931740 42.916668
72.930260 65.931740 52.083332
73.608696 59.303650 52.083332
73.926453 47.525810 42.916668
73.908272 47.699390 42.916668
73.875633 47.870838 42.916668
73.828758 48.038956 42.916668
73.767975 48.202557 42.916668
73.693710 48.360497 42.916668
73.606491 48.511665 42.916668
73.506920 48.655006 42.916668
73.395706 48.789509 42.916668
73.273621 48.914230 42.916668
73.141525 49.028297 42.916668
73.000343 49.130905 42.916668
72.851074 49.221336 42.916668
72.694756 49.298958 42.916668
72.532486 49.363224 42.916668
72.365417 49.413681 42.916668
72.194702 49.449978 42.916668
72.021553 49.471855 42.916668
73.930031 47.351318 42.916668
73.930031 47.351318 52.083332
72.021553 49.471855 52.083332
72.194702 49.449978 52.083332
72.365417 49.413681 52.083332
72.532486 49.363224 52.083332
72.694756 49.298958 52.083332
72.851074 49.221336 52.083332
73.000343 49.130905 52.083332
73.141525 49.028297 52.083332
73.273621 48.914230 52.083332
73.395706 48.789509 52.083332
73.506920 48.655006 52.083332
73.606491 48.511665 52.083332
73.693710 48.360497 52.083332
73.767975 48.202557 52.083332
73.828758 48.038956 52.083332
73.875633 47.870838 52.083332
73.908272 47.699390 52.083332
73.926453 47.525810 52.083332
70.028503 25.789085 42.916668
70.207672 25.812534 42.916668
70.384132 25.851421 42.916668
70.556557 25.905451 42.916668
70.723656 25.974218 42.916668
70.884163 26.057205 42.916668
71.036873 26.153790 42.916668
71.180649 26.263245 42.916668
71.314392 26.384745 42.916668
71.437103 26.517376 42.916668
71.547867 26.660143 42.916668
71.645836 26.811970 42.916668
71.730286 26.971714 42.916668
71.800575 27.138176 42.916668
71.856171 27.310102 42.916668
71.896667 27.486200 42.916668
72.930260 34.068260 42.916668
73.608696 40.696350 42.916668
71.856171 27.310102 52.083332
71.800575 27.138176 52.083332
71.730286 26.971714 52.083332
71.645836 26.811970 52.083332
71.547867 26.660143 52.083332
71.437103 26.517376 52.083332
71.314392 26.384745 52.083332
71.180649 26.263245 52.083332
71.036873 26.153790 52.083332
70.884163 26.057205 52.083332
70.723656 25.974218 52.083332
70.556557 25.905451 52.083332
70.384132 25.851421 52.083332
70.207672 25.812534 52.083332
70.028503 25.789085 52.083332
71.896667 27.486200 52.083332
70.769859 22.099346 42.916668
70.787666 22.276899 42.916668
70.790215 22.455326 42.916668
70.777489 22.633318 42.916668
70.749573 22.809565 42.916668
70.706673 22.982779 42.916668
70.649117 23.151684 42.916668
70.577309 23.315044 42.916668
70.491791 23.471663 42.916668
70.393181 23.620386 42.916668
70.282211 23.760126 42.916668
70.159683 23.889858 42.916668
70.026505 24.008629 42.916668
69.883652 24.115566 42.916668
69.732178 24.209888 42.916668
69.573181 24.290899 42.916668
69.407837 24.358009 42.916668
69.237350 24.410723 42.916668
69.062988 24.448654 42.916668
68.886009 24.471523 42.916668
70.736923 21.923967 42.916668
70.736923 21.923967 52.083332
68.886009 24.471523 52.083332
69.062988 24.448654 52.083332
69.237350 24.410723 52.083332
69.407837 24.358009 52.083332
69.573181 24.290899 52.083332
69.732178 24.209888 52.083332
69.883652 24.115566 52.083332
70.026505 24.008629 52.083332
70.159683 23.889858 52.083332
70.282211 23.760126 52.083332
70.393181 23.620386 52.083332
70.491791 23.471663 52.083332
70.577309 23.315044 52.083332
70.649117 23.151684 52.083332
70.706673 22.982779 52.083332
70.749573 22.809565 52.083332
70.777489 22.633318 52.083332
70.790215 22.455326 52.083332
70.787666 22.276899 52.083332
70.769859 22.099346 52.083332
64.238136 1.900803 52.083332
64.150948 1.749526 52.083332
64.051392 1.606082 52.083332
63.940182 1.471477 52.083332
63.818089 1.346658 52.083332
63.685970 1.232501 52.083332
63.544758 1.129808 52.083332
63.395439 1.039301 52.083332
63.239071 0.961614 52.083332
63.076744 0.897295 52.083332
62.909599 0.846794 52.083332
62.738815 0.810466 52.083332
62.565590 0.788567 52.083332
64.312355 2.058850 52.083332
64.312355 2.058850 42.916668
62.565590 0.788567 42.916668
62.738815 0.810466 42.916668
62.909599 0.846794 42.916668
63.076744 0.897295 42.916668
63.239071 0.961614 42.916668
63.395439 1.039301 42.916668
63.544758 1.129808 42.916668
63.685970 1.232501 42.916668
63.818089 1.346658 42.916668
63.940182 1.471477 42.916668
64.051392 1.606082 42.916668
64.150948 1.749526 42.916668
64.238136 1.900803 42.916668
66.825150 8.556628 42.916668
68.968925 15.185314 42.916668
68.968925 15.185314 52.083332
66.825150 8.556628 52.083332
27.943426 0.789178 52.083332
27.763233 0.812901 52.083332
27.585794 0.852238 52.083332
27.412458 0.906890 52.083332
27.244545 0.976442 52.083332
27.083332 1.060364 52.083332
26.930050 1.158017 52.083332
26.785858 1.268657 52.083332
26.651861 1.391444 52.083332
26.529074 1.525442 52.083332
26.418432 1.669632 52.083332
26.320780 1.822917 52.083332
26.236858 1.984129 52.083332
26.167307 2.152041 52.083332
26.112656 2.325377 52.083332
26.073317 2.502816 52.083332
26.049595 2.683009 52.083332
26.049595 2.683009 42.916668
26.073317 2.502816 42.916668
26.112656 2.325377 42.916668
26.167307 2.152041 42.916668
26.236858 1.984129 42.916668
26.320780 1.822917 42.916668
26.418432 1.669632 42.916668
26.529074 1.525442 42.916668
26.651861 1.391444 42.916668
26.785858 1.268657 42.916668
26.930050 1.158017 42.916668
27.083332 1.060364 42.916668
27.244545 0.976442 42.916668
27.412458 0.906890 42.916668
27.585794 0.852238 42.916668
27.763233 0.812901 42.916668
27.943426 0.789178 42.916668
26.049595 22.577408 52.083332
26.073317 22.757601 52.083332
26.112656 22.935040 52.083332
26.167307 23.108376 52.083332
26.236858 23.276287 52.083332
26.320780 23.437500 52.083332
26.418432 23.590784 52.083332
26.529074 23.734974 52.083332
26.651861 23.868973 52.083332
26.785858 23.991758 52.083332
26.930050 24.102400 52.083332
27.083332 24.200052 52.083332
27.244545 24.283976 52.083332
27.412458 24.353525 52.083332
27.585794 24.408178 52.083332
27.763233 24.447515 52.083332
27.943426 24.471239 52.083332
27.943426 24.471239 42.916668
27.763233 24.447515 42.916668
27.585794 24.408178 42.916668
27.412458 24.353525 42.916668
27.244545 24.283976 42.916668
27.083332 24.200052 42.916668
26.930050 24.102400 42.916668
26.785858 23.991758 42.916668
26.651861 23.868973 42.916668
26.529074 23.734974 42.916668
26.418432 23.590784 42.916668
26.320780 23.437500 42.916668
26.236858 23.276287 42.916668
26.167307 23.108376 42.916668
26.112656 22.935040 42.916668
26.073317 22.757601 42.916668
26.049595 22.577408 42.916668
28.079605 4.815726 39.583332
28.034557 4.809796 39.583332
27.990198 4.799961 39.583332
27.946865 4.786298 39.583332
27.904886 4.768910 39.583332
27.864582 4.747930 39.583332
27.826262 4.723517 39.583332
27.790215 4.695856 39.583332
27.756716 4.665160 39.583332
27.726019 4.631660 39.583332
27.698359 4.595613 39.583332
27.673944 4.557292 39.583332
27.652966 4.516989 39.583332
27.635576 4.475010 39.583332
27.621914 4.431677 39.583332
27.612080 4.387317 39.583332
27.606150 4.342269 39.583332
27.604168 4.296875 39.583332
27.606150 4.251481 39.583332
27.612080 4.206433 39.583332
27.621914 4.162073 39.583332
27.635576 4.118740 39.583332
27.652966 4.076761 39.583332
27.673944 4.036458 39.583332
27.698359 3.998137 39.583332
27.726019 3.962090 39.583332
27.756716 3.928590 39.583332
27.790215 3.897894 39.583332
27.826262 3.870233 39.583332
27.864582 3.845820 39.583332
27.904886 3.824840 39.583332
27.946865 3.807452 39.583332
27.990198 3.793789 39.583332
28.034557 3.783954 39.583332
28.079605 3.778024 39.583332
28.125000 3.776042 39.583332
28.170395 3.778024 39.583332
28.215443 3.783954 39.583332
28.259802 3.793789 39.583332
28.303135 3.807452 39.583332
28.345114 3.824840 39.583332
28.385418 3.845820 39.583332
28.423738 3.870233 39.583332
28.459785 3.897894 39.583332
28.493284 3.928590 39.583332
28.523981 3.962090 39.583332
28.551641 3.998137 39.583332
28.576056 4.036458 39.583332
28.597034 4.076761 39.583332
28.614424 4.118740 39.583332
28.628086 4.162073 39.583332
28.637920 4.206433 39.583332
28.643850 4.251481 39.583332
28.645832 4.296875 39.583332
28.643850 4.342269 39.583332
28.637920 4.387317 39.583332
28.628086 4.431677 39.583332
28.614424 4.475010 39.583332
28.597034 4.516989 39.583332
28.576056 4.557292 39.583332
28.551641 4.595613 39.583332
28.523981 4.631660 39.583332
28.493284 4.665160 39.583332
28.459785 4.695856 39.583332
28.423738 4.723517 39.583332
28.385418 4.747930 39.583332
28.345114 4.768910 39.583332
28.303135 4.786298 39.583332
28.259802 4.799961 39.583332
28.215443 4.809796 39.583332
28.170395 4.815726 39.583332
28.125000 4.817708 39.583332
28.079605 3.778024 42.916668
28.034557 3.783954 42.916668
27.990198 3.793789 42.916668
27.946865 3.807452 42.916668
27.904886 3.824840 42.916668
27.864582 3.845820 42.916668
27.826262 3.870233 42.916668
27.790215 3.897894 42.916668
27.756716 3.928590 42.916668
27.726019 3.962090 42.916668
27.698359 3.998137 42.916668
27.673944 4.036458 42.916668
27.652966 4.076761 42.916668
27.635576 4.118740 42.916668
27.621914 4.162073 42.916668
27.612080 4.206433 42.916668
27.606150 4.251481 42.916668
27.604168 4.296875 42.916668
27.606150 4.342269 42.916668
27.612080 4.387317 42.916668
27.621914 4.431677 42.916668
27.635576 4.475010 42.916668
27.652966 4.516989 42.916668
27.673944 4.557292 42.916668
27.698359 4.595613 42.916668
27.726019 4.631660 42.916668
27.756716 4.665160 42.916668
27.790215 4.695856 42.916668
27.826262 4.723517 42.916668
27.864582 4.747930 42.916668
27.904886 4.768910 42.916668
27.946865 4.786298 42.916668
27.990198 4.799961 42.916668
28.034557 4.809796 42.916668
28.079605 4.815726 42.916668
28.125000 4.817708 42.916668
28.170395 4.815726 42.916668
28.215443 4.809796 42.916668
28.259802 4.799961 42.916668
28.303135 4.786298 42.916668
28.345114 4.768910 42.916668
28.385418 4.747930 42.916668
28.423738 4.723517 42.916668
28.459785 4.695856 42.916668
28.493284 4.665160 42.916668
28.523981 4.631660 42.916668
28.551641 4.595613 42.916668
28.576056 4.557292 42.916668
28.597034 4.516989 42.916668
28.614424 4.475010 42.916668
28.628086 4.431677 42.916668
28.637920 4.387317 42.916668
28.643850 4.342269 42.916668
28.645832 4.296875 42.916668
28.643850 4.251481 42.916668
28.637920 4.206433 42.916668
28.628086 4.162073 42.916668
28.614424 4.118740 42.916668
28.597034 4.076761 42.916668
28.576056 4.036458 42.916668
28.551641 3.998137 42.916668
28.523981 3.962090 42.916668
28.493284 3.928590 42.916668
28.459785 3.897894 42.916668
28.423738 3.870233 42.916668
28.385418 3.845820 42.916668
28.345114 3.824840 42.916668
28.303135 3.807452 42.916668
28.259802 3.793789 42.916668
28.215443 3.783954 42.916668
28.170395 3.778024 42.916668
28.125000 3.776042 42.916668
28.079605 96.221977 39.583332
28.034557 96.216049 39.583332
27.990198 96.206207 39.583332
27.946865 96.192551 39.583332
27.904886 96.175163 39.583332
27.864582 96.154182 39.583332
27.826262 96.129768 39.583332
27.790215 96.102104 39.583332
27.756716 96.071411 39.583332
27.726019 96.037910 39.583332
27.698359 96.001862 39.583332
27.673944 95.963539 39.583332
27.652966 95.923241 39.583332
27.635576 95.881264 39.583332
27.621914 95.837929 39.583332
27.612080 95.793564 39.583332
27.606150 95.748520 39.583332
27.604168 95.703125 39.583332
27.606150 95.657730 39.583332
27.612080 95.612686 39.583332
27.621914 95.568321 39.583332
27.635576 95.524986 39.583332
27.652966 95.483009 39.583332
27.673944 95.442711 39.583332
27.698359 95.404388 39.583332
27.726019 95.368340 39.583332
27.756716 95.334839 39.583332
27.790215 95.304146 39.583332
27.826262 95.276482 39.583332
27.864582 95.252068 39.583332
27.904886 95.231087 39.583332
27.946865 95.213699 39.583332
27.990198 95.200043 39.583332
28.034557 95.190201 39.583332
28.079605 95.184273 39.583332
28.125000 95.182289 39.583332
28.170395 95.184273 39.583332
28.215443 95.190201 39.583332
28.259802 95.200043 39.583332
28.303135 95.213699 39.583332
28.345114 95.231087 39.583332
28.385418 95.252068 39.583332
28.423738 95.276482 39.583332
28.459785 95.304146 39.583332
28.493284 95.334839 39.583332
28.523981 95.368340 39.583332
28.551641 95.404388 39.583332
28.576056 95.442711 39.583332
28.597034 95.483009 39.583332
28.614424 95.524986 39.583332
28.628086 95.568321 39.583332
28.637920 95.612686 39.583332
28.643850 95.657730 39.583332
28.645832 95.703125 39.583332
28.643850 95.748520 39.583332
28.637920 95.793564 39.583332
28.628086 95.837929 39.583332
28.614424 95.881264 39.583332
28.597034 95.923241 39.583332
28.576056 95.963539 39.583332
28.551641 96.001862 39.583332
28.523981 96.037910 39.583332
28.493284 96.071411 39.583332
28.459785 96.102104 39.583332
28.423738 96.129768 39.583332
28.385418 96.154182 39.583332
28.345114 96.175163 39.583332
28.303135 96.192551 39.583332
28.259802 96.206207 39.583332
28.215443 96.216049 39.583332
28.170395 96.221977 39.583332
28.125000 96.223961 39.583332
28.079605 95.184273 42.916668
28.034557 95.190201 42.916668
27.990198 95.200043 42.916668
27.946865 95.213699 42.916668
27.904886 95.231087 42.916668
27.864582 95.252068 42.916668
27.826262 95.276482 42.916668
27.790215 95.304146 42.916668
27.756716 95.334839 42.916668
27.726019 95.368340 42.916668
27.698359 95.404388 42.916668
27.673944 95.442711 42.916668
27.652966 95.483009 42.916668
27.635576 95.524986 42.916668
27.621914 95.568321 42.916668
27.612080 95.612686 42.916668
27.606150 95.657730 42.916668
27.604168 95.703125 42.916668
27.606150 95.748520 42.916668
27.612080 95.793564 42.916668
27.621914 95.837929 42.916668
27.635576 95.881264 42.916668
27.652966 95.923241 42.916668
27.673944 95.963539 42.916668
27.698359 96.001862 42.916668
27.726019 96.037910 42.916668
27.756716 96.071411 42.916668
27.790215 96.102104 42.916668
27.826262 96.129768 42.916668
27.864582 96.154182 42.916668
27.904886 96.175163 42.916668
27.946865 96.192551 42.916668
27.990198 96.206207 42.916668
28.034557 96.216049 42.916668
28.079605 96.221977 42.916668
28.125000 96.223961 42.916668
28.170395 96.221977 42.916668
28.215443 96.216049 42.916668
28.259802 96.206207 42.916668
28.303135 96.192551 42.916668
28.345114 96.175163 42.916668
28.385418 96.154182 42.916668
28.423738 96.129768 42.916668
28.459785 96.102104 42.916668
28.493284 96.071411 42.916668
28.523981 96.037910 42.916668
28.551641 96.001862 42.916668
28.576056 95.963539 42.916668
28.597034 95.923241 42.916668
28.614424 95.881264 42.916668
28.628086 95.837929 42.916668
28.637920 95.793564 42.916668
28.643850 95.748520 42.916668
28.645832 95.703125 42.916668
28.643850 95.657730 42.916668
28.637920 95.612686 42.916668
28.628086 95.568321 42.916668
28.614424 95.524986 42.916668
28.597034 95.483009 42.916668
28.576056 95.442711 42.916668
28.551641 95.404388 42.916668
28.523981 95.368340 42.916668
28.493284 95.334839 42.916668
28.459785 95.304146 42.916668
28.423738 95.276482 42.916668
28.385418 95.252068 42.916668
28.345114 95.231087 42.916668
28.303135 95.213699 42.916668
28.259802 95.200043 42.916668
28.215443 95.190201 42.916668
28.170395 95.184273 42.916668
28.125000 95.182289 42.916668
67.662941 62.888641 39.583332
67.617889 62.882713 39.583332
67.573532 62.872879 39.583332
67.530197 62.859215 39.583332
67.488220 62.841827 39.583332
67.447914 62.820847 39.583332
67.409599 62.796432 39.583332
67.373550 62.768772 39.583332
67.340050 62.738075 39.583332
67.309349 62.704578 39.583332
67.281693 62.668530 39.583332
67.257278 62.630207 39.583332
67.236298 62.589905 39.583332
67.218910 62.547928 39.583332
67.205246 62.504593 39.583332
67.195412 62.460232 39.583332
67.189484 62.415184 39.583332
67.187500 62.369793 39.583332
67.189484 62.324398 39.583332
67.195412 62.279350 39.583332
67.205246 62.234989 39.583332
67.218910 62.191654 39.583332
67.236298 62.149677 39.583332
67.257278 62.109375 39.583332
67.281693 62.071053 39.583332
67.309349 62.035007 39.583332
67.340050 62.001507 39.583332
67.373550 61.970810 39.583332
67.409599 61.943150 39.583332
67.447914 61.918736 39.583332
67.488220 61.897755 39.583332
67.530197 61.880367 39.583332
67.573532 61.866707 39.583332
67.617889 61.856873 39.583332
67.662941 61.850941 39.583332
67.708336 61.848957 39.583332
67.753731 61.850941 39.583332
67.798775 61.856873 39.583332
67.843132 61.866707 39.583332
67.886467 61.880367 39.583332
67.928444 61.897755 39.583332
67.968750 61.918736 39.583332
68.007072 61.943150 39.583332
68.043121 61.970810 39.583332
68.076614 62.001507 39.583332
68.107315 62.035007 39.583332
68.134972 62.071053 39.583332
68.159386 62.109375 39.583332
68.180367 62.149677 39.583332
68.197754 62.191654 39.583332
68.211418 62.234989 39.583332
68.221252 62.279350 39.583332
68.227188 62.324398 39.583332
68.229164 62.369793 39.583332
68.227188 62.415184 39.583332
68.221252 62.460232 39.583332
68.211418 62.504593 39.583332
68.197754 62.547928 39.583332
68.180367 62.589905 39.583332
68.159386 62.630207 39.583332
68.134972 62.668530 39.583332
68.107315 62.704578 39.583332
68.076614 62.738075 39.583332
68.043121 62.768772 39.583332
68.007072 62.796432 39.583332
67.968750 62.820847 39.583332
67.928444 62.841827 39.583332
67.886467 62.859215 39.583332
67.843132 62.872879 39.583332
67.798775 62.882713 39.583332
67.753731 62.888641 39.583332
67.708336 62.890625 39.583332
67.662941 38.149059 39.583332
67.617889 38.143127 39.583332
67.573532 38.133293 39.583332
67.530197 38.119633 39.583332
67.488220 38.102245 39.583332
67.447914 38.081264 39.583332
67.409599 38.056850 39.583332
67.373550 38.029190 39.583332
67.340050 37.998493 39.583332
67.309349 37.964993 39.583332
67.281693 37.928947 39.583332
67.257278 37.890625 39.583332
67.236298 37.850323 39.583332
67.218910 37.808346 39.583332
67.205246 37.765011 39.583332
67.195412 37.720650 39.583332
67.189484 37.675602 39.583332
67.187500 37.630207 39.583332
67.189484 37.584816 39.583332
67.195412 37.539768 39.583332
67.205246 37.495407 39.583332
67.218910 37.452072 39.583332
67.236298 37.410095 39.583332
67.257278 37.369793 39.583332
67.281693 37.331470 39.583332
67.309349 37.295422 39.583332
67.340050 37.261925 39.583332
67.373550 37.231228 39.583332
67.409599 37.203568 39.583332
67.447914 37.179153 39.583332
67.488220 37.158173 39.583332
67.530197 37.140785 39.583332
67.573532 37.127121 39.583332
67.617889 37.117287 39.583332
67.662941 37.111359 39.583332
67.708336 37.109375 39.583332
67.753731 37.111359 39.583332
67.798775 37.117287 39.583332
67.843132 37.127121 39.583332
67.886467 37.140785 39.583332
67.928444 37.158173 39.583332
67.968750 37.179153 39.583332
68.007072 37.203568 39.583332
68.043121 37.231228 39.583332
68.076614 37.261925 39.583332
68.107315 37.295422 39.583332
68.134972 37.331470 39.583332
68.159386 37.369793 39.583332
68.180367 37.410095 39.583332
68.197754 37.452072 39.583332
68.211418 37.495407 39.583332
68.221252 37.539768 39.583332
68.227188 37.584816 39.583332
68.229164 37.630207 39.583332
68.227188 37.675602 39.583332
68.221252 37.720650 39.583332
68.211418 37.765011 39.583332
68.197754 37.808346 39.583332
68.180367 37.850323 39.583332
68.159386 37.890625 39.583332
68.134972 37.928947 39.583332
68.107315 37.964993 39.583332
68.076614 37.998493 39.583332
68.043121 38.029190 39.583332
68.007072 38.056850 39.583332
67.968750 38.081264 39.583332
67.928444 38.102245 39.583332
67.886467 38.119633 39.583332
67.843132 38.133293 39.583332
67.798775 38.143127 39.583332
67.753731 38.149059 39.583332
67.708336 38.151043 39.583332
43.386852 16.781019 39.583332
43.026466 16.733574 39.583332
42.671589 16.654900 39.583332
42.324917 16.545593 39.583332
41.989090 16.406490 39.583332
41.666668 16.238647 39.583332
41.360100 16.043343 39.583332
41.071716 15.822060 39.583332
40.803722 15.576487 39.583332
40.558147 15.308490 39.583332
40.336864 15.020110 39.583332
40.141560 14.713542 39.583332
39.973717 14.391118 39.583332
39.834614 14.055292 39.583332
39.725307 13.708621 39.583332
39.646633 13.353742 39.583332
39.599190 12.993357 39.583332
39.583332 12.630208 39.583332
39.599190 12.267059 39.583332
39.646633 11.906674 39.583332
39.725307 11.551796 39.583332
39.834614 11.205124 39.583332
39.973717 10.869299 39.583332
40.141560 10.546875 39.583332
40.336864 10.240307 39.583332
40.558147 9.951927 39.583332
40.803722 9.683930 39.583332
41.071716 9.438356 39.583332
41.360100 9.217075 39.583332
41.666668 9.021769 39.583332
41.989090 8.853926 39.583332
42.324917 8.714822 39.583332
42.671589 8.605517 39.583332
43.026466 8.526843 39.583332
43.386852 8.479397 39.583332
43.750000 8.463542 39.583332
44.113148 8.479397 39.583332
44.473534 8.526843 39.583332
44.828411 8.605517 39.583332
45.175083 8.714822 39.583332
45.510910 8.853926 39.583332
45.833332 9.021769 39.583332
46.139900 9.217075 39.583332
46.428284 9.438356 39.583332
46.696278 9.683930 39.583332
46.941853 9.951927 39.583332
47.163136 10.240307 39.583332
47.358440 10.546875 39.583332
47.526283 10.869299 39.583332
47.665386 11.205124 39.583332
47.774693 11.551796 39.583332
47.853367 11.906674 39.583332
47.900810 12.267059 39.583332
47.916668 12.630208 39.583332
47.900810 12.993357 39.583332
47.853367 13.353742 39.583332
47.774693 13.708621 39.583332
47.665386 14.055292 39.583332
47.526283 14.391118 39.583332
47.358440 14.713542 39.583332
47.163136 15.020110 39.583332
46.941853 15.308490 39.583332
46.696278 15.576487 39.583332
46.428284 15.822060 39.583332
46.139900 16.043343 39.583332
45.833332 16.238647 39.583332
45.510910 16.406490 39.583332
45.175083 16.545593 39.583332
44.828411 16.654900 39.583332
44.473534 16.733574 39.583332
44.113148 16.781019 39.583332
43.750000 16.796875 39.583332
43.386852 8.479397 41.666668
43.026466 8.526843 41.666668
42.671589 8.605517 41.666668
42.324917 8.714822 41.666668
41.989090 8.853926 41.666668
41.666668 9.021769 41.666668
41.360100 9.217075 41.666668
41.071716 9.438356 41.666668
40.803722 9.683930 41.666668
40.558147 9.951927 41.666668
40.336864 10.240307 41.666668
40.141560 10.546875 41.666668
39.973717 10.869299 41.666668
39.834614 11.205124 41.666668
39.725307 11.551796 41.666668
39.646633 11.906674 41.666668
39.599190 12.267059 41.666668
39.583332 12.630208 41.666668
39.599190 12.993357 41.666668
39.646633 13.353742 41.666668
39.725307 13.708621 41.666668
39.834614 14.055292 41.666668
39.973717 14.391118 41.666668
40.141560 14.713542 41.666668
40.336864 15.020110 41.666668
40.558147 15.308490 41.666668
40.803722 15.576487 41.666668
41.071716 15.822060 41.666668
41.360100 16.043343 41.666668
41.666668 16.238647 41.666668
41.989090 16.406490 41.666668
42.324917 16.545593 41.666668
42.671589 16.654900 41.666668
43.026466 16.733574 41.666668
43.386852 16.781019 41.666668
43.750000 16.796875 41.666668
44.113148 16.781019 41.666668
44.473534 16.733574 41.666668
44.828411 16.654900 41.666668
45.175083 16.545593 41.666668
45.510910 16.406490 41.666668
45.833332 16.238647 41.666668
46.139900 16.043343 41.666668
46.428284 15.822060 41.666668
46.696278 15.576487 41.666668
46.941853 15.308490 41.666668
47.163136 15.020110 41.666668
47.358440 14.713542 41.666668
47.526283 14.391118 41.666668
47.665386 14.055292 41.666668
47.774693 13.708621 41.666668
47.853367 13.353742 41.666668
47.900810 12.993357 41.666668
47.916668 12.630208 41.666668
47.900810 12.267059 41.666668
47.853367 11.906674 41.666668
47.774693 11.551796 41.666668
47.665386 11.205124 41.666668
47.526283 10.869299 41.666668
47.358440 10.546875 41.666668
47.163136 10.240307 41.666668
46.941853 9.951927 41.666668
46.696278 9.683930 41.666668
46.428284 9.438356 41.666668
46.139900 9.217075 41.666668
45.833332 9.021769 41.666668
45.510910 8.853926 41.666668
45.175083 8.714822 41.666668
44.828411 8.605517 41.666668
44.473534 8.526843 41.666668
44.113148 8.479397 41.666668
43.750000 8.463542 41.666668
43.386852 91.520599 39.583332
43.026466 91.473160 39.583332
42.671589 91.394485 39.583332
42.324917 91.285179 39.583332
41.989090 91.146072 39.583332
41.666668 90.978233 39.583332
41.360100 90.782928 39.583332
41.071716 90.561646 39.583332
40.803722 90.316071 39.583332
40.558147 90.048073 39.583332
40.336864 89.759689 39.583332
40.141560 89.453125 39.583332
39.973717 89.130699 39.583332
39.834614 88.794876 39.583332
39.725307 88.448204 39.583332
39.646633 88.093323 39.583332
39.599190 87.732941 39.583332
39.583332 87.369789 39.583332
39.599190 87.006645 39.583332
39.646633 86.646255 39.583332
39.725307 86.291382 39.583332
39.834614 85.944710 39.583332
39.973717 85.608879 39.583332
40.141560 85.286461 39.583332
40.336864 84.979889 39.583332
40.558147 84.691513 39.583332
40.803722 84.423515 39.583332
41.071716 84.177940 39.583332
41.360100 83.956657 39.583332
41.666668 83.761353 39.583332
41.989090 83.593506 39.583332
42.324917 83.454407 39.583332
42.671589 83.345100 39.583332
43.026466 83.266426 39.583332
43.386852 83.218979 39.583332
43.750000 83.203125 39.583332
44.113148 83.218979 39.583332
44.473534 83.266426 39.583332
44.828411 83.345100 39.583332
45.175083 83.454407 39.583332
45.510910 83.593506 39.583332
45.833332 83.761353 39.583332
46.139900 83.956657 39.583332
46.428284 84.177940 39.583332
46.696278 84.423515 39.583332
46.941853 84.691513 39.583332
47.163136 84.979889 39.583332
47.358440 85.286461 39.583332
47.526283 85.608879 39.583332
47.665386 85.944710 39.583332
47.774693 86.291382 39.583332
47.853367 86.646255 39.583332
47.900810 87.006645 39.583332
47.916668 87.369789 39.583332
47.900810 87.732941 39.583332
47.853367 88.093323 39.583332
47.774693 88.448204 39.583332
47.665386 88.794876 39.583332
47.526283 89.130699 39.583332
47.358440 89.453125 39.583332
47.163136 89.759689 39.583332
46.941853 90.048073 39.583332
46.696278 90.316071 39.583332
46.428284 90.561646 39.583332
46.139900 90.782928 39.583332
45.833332 90.978233 39.583332
45.510910 91.146072 39.583332
45.175083 91.285179 39.583332
44.828411 91.394485 39.583332
44.473534 91.473160 39.583332
44.113148 91.520599 39.583332
43.750000 91.536461 39.583332
43.386852 83.218979 41.666668
43.026466 83.266426 41.666668
42.671589 83.345100 41.666668
42.324917 83.454407 41.666668
41.989090 83.593506 41.666668
41.666668 83.761353 41.666668
41.360100 83.956657 41.666668
41.071716 84.177940 41.666668
40.803722 84.423515 41.666668
40.558147 84.691513 41.666668
40.336864 84.979889 41.666668
40.141560 85.286461 41.666668
39.973717 85.608879 41.666668
39.834614 85.944710 41.666668
39.725307 86.291382 41.666668
39.646633 86.646255 41.666668
39.599190 87.006645 41.666668
39.583332 87.369789 41.666668
39.599190 87.732941 41.666668
39.646633 88.093323 41.666668
39.725307 88.448204 41.666668
39.834614 88.794876 41.666668
39.973717 89.130699 41.666668
40.141560 89.453125 41.666668
40.336864 89.759689 41.666668
40.558147 90.048073 41.666668
40.803722 90.316071 41.666668
41.071716 90.561646 41.666668
41.360100 90.782928 41.666668
41.666668 90.978233 41.666668
41.989090 91.146072 41.666668
42.324917 91.285179 41.666668
42.671589 91.394485 41.666668
43.026466 91.473160 41.666668
43.386852 91.520599 41.666668
43.750000 91.536461 41.666668
44.113148 91.520599 41.666668
44.473534 91.473160 41.666668
44.828411 91.394485 41.666668
45.175083 91.285179 41.666668
45.510910 91.146072 41.666668
45.833332 90.978233 41.666668
46.139900 90.782928 41.666668
46.428284 90.561646 41.666668
46.696278 90.316071 41.666668
46.941853 90.048073 41.666668
47.163136 89.759689 41.666668
47.358440 89.453125 41.666668
47.526283 89.130699 41.666668
47.665386 88.794876 41.666668
47.774693 88.448204 41.666668
47.853367 88.093323 41.666668
47.900810 87.732941 41.666668
47.916668 87.369789 41.666668
47.900810 87.006645 41.666668
47.853367 86.646255 41.666668
47.774693 86.291382 41.666668
47.665386 85.944710 41.666668
47.526283 85.608879 41.666668
47.358440 85.286461 41.666668
47.163136 84.979889 41.666668
46.941853 84.691513 41.666668
46.696278 84.423515 41.666668
46.428284 84.177940 41.666668
46.139900 83.956657 41.666668
45.833332 83.761353 41.666668
45.510910 83.593506 41.666668
45.175083 83.454407 41.666668
44.828411 83.345100 41.666668
44.473534 83.266426 41.666668
44.113148 83.218979 41.666668
43.750000 83.203125 41.666668
39.220184 41.781021 39.583332
38.859798 41.733574 39.583332
38.504921 41.654900 39.583332
38.158249 41.545593 39.583332
37.822426 41.406490 39.583332
37.500000 41.238647 39.583332
37.193432 41.043343 39.583332
36.905052 40.822060 39.583332
36.637054 40.576488 39.583332
36.391479 40.308491 39.583332
36.170200 40.020111 39.583332
35.974895 39.713543 39.583332
35.807053 39.391117 39.583332
35.667946 39.055290 39.583332
35.558643 38.708622 39.583332
35.479969 38.353741 39.583332
35.432522 37.993359 39.583332
35.416668 37.630207 39.583332
35.432522 37.267059 39.583332
35.479969 36.906673 39.583332
35.558643 36.551796 39.583332
35.667946 36.205124 39.583332
35.807053 35.869301 39.583332
35.974895 35.546875 39.583332
36.170200 35.240307 39.583332
36.391479 34.951927 39.583332
36.637054 34.683929 39.583332
36.905052 34.438354 39.583332
37.193432 34.217075 39.583332
37.500000 34.021770 39.583332
37.822426 33.853928 39.583332
38.158249 33.714821 39.583332
38.504921 33.605518 39.583332
38.859798 33.526844 39.583332
39.220184 33.479397 39.583332
39.583332 33.463543 39.583332
39.946484 33.479397 39.583332
40.306866 33.526844 39.583332
40.661747 33.605518 39.583332
41.008415 33.714821 39.583332
41.344242 33.853928 39.583332
41.666668 34.021770 39.583332
41.973236 34.217075 39.583332
42.261616 34.438354 39.583332
42.529613 34.683929 39.583332
42.775185 34.951927 39.583332
42.996468 35.240307 39.583332
43.191772 35.546875 39.583332
43.359615 35.869301 39.583332
43.498718 36.205124 39.583332
43.608025 36.551796 39.583332
43.686699 36.906673 39.583332
43.734146 37.267059 39.583332
43.750000 37.630207 39.583332
43.734146 37.993359 39.583332
43.686699 38.353741 39.583332
43.608025 38.708622 39.583332
43.498718 39.055290 39.583332
43.359615 39.391117 39.583332
43.191772 39.713543 39.583332
42.996468 40.020111 39.583332
42.775185 40.308491 39.583332
42.529613 40.576488 39.583332
42.261616 40.822060 39.583332
41.973236 41.043343 39.583332
41.666668 41.238647 39.583332
41.344242 41.406490 39.583332
41.008415 41.545593 39.583332
40.661747 41.654900 39.583332
40.306866 41.733574 39.583332
39.946484 41.781021 39.583332
39.583332 41.796875 39.583332
39.220184 66.520599 39.583332
38.859798 66.473160 39.583332
38.504921 66.394485 39.583332
38.158249 66.285179 39.583332
37.822426 66.146072 39.583332
37.500000 65.978233 39.583332
37.193432 65.782928 39.583332
36.905052 65.561646 39.583332
36.637054 65.316071 39.583332
36.391479 65.048073 39.583332
36.170200 64.759689 39.583332
35.974895 64.453125 39.583332
35.807053 64.130699 39.583332
35.667946 63.794876 39.583332
35.558643 63.448204 39.583332
35.479969 63.093327 39.583332
35.432522 62.732941 39.583332
35.416668 62.369793 39.583332
35.432522 62.006641 39.583332
35.479969 61.646259 39.583332
35.558643 61.291378 39.583332
35.667946 60.944710 39.583332
35.807053 60.608883 39.583332
35.974895 60.286457 39.583332
36.170200 59.979889 39.583332
36.391479 59.691509 39.583332
36.637054 59.423512 39.583332
36.905052 59.177940 39.583332
37.193432 58.956657 39.583332
37.500000 58.761353 39.583332
37.822426 58.593510 39.583332
38.158249 58.454407 39.583332
38.504921 58.345100 39.583332
38.859798 58.266426 39.583332
39.220184 58.218979 39.583332
39.583332 58.203125 39.583332
39.946484 58.218979 39.583332
40.306866 58.266426 39.583332
40.661747 58.345100 39.583332
41.008415 58.454407 39.583332
41.344242 58.593510 39.583332
41.666668 58.761353 39.583332
41.973236 58.956657 39.583332
42.261616 59.177940 39.583332
42.529613 59.423512 39.583332
42.775185 59.691509 39.583332
42.996468 59.979889 39.583332
43.191772 60.286457 39.583332
43.359615 60.608883 39.583332
43.498718 60.944710 39.583332
43.608025 61.291378 39.583332
43.686699 61.646259 39.583332
43.734146 62.006641 39.583332
43.750000 62.369793 39.583332
43.734146 62.732941 39.583332
43.686699 63.093327 39.583332
43.608025 63.448204 39.583332
43.498718 63.794876 39.583332
43.359615 64.130699 39.583332
43.191772 64.453125 39.583332
42.996468 64.759689 39.583332
42.775185 65.048073 39.583332
42.529613 65.316071 39.583332
42.261616 65.561646 39.583332
41.973236 65.782928 39.583332
41.666668 65.978233 39.583332
41.344242 66.146072 39.583332
41.008415 66.285179 39.583332
40.661747 66.394485 39.583332
40.306866 66.473160 39.583332
39.946484 66.520599 39.583332
39.583332 66.536461 39.583332
68.725853 65.944122 42.916668
69.429214 59.311623 42.916668
73.608696 40.696350 52.083332
72.930260 34.068260 52.083332
64.564392 0.000000 52.083332
68.287117 90.412354 52.083332
71.209030 80.551117 52.083332
73.310356 70.483047 52.083332
74.576874 60.276310 52.083332
75.000000 50.000000 52.083332
74.576874 39.723690 52.083332
73.310356 29.516951 52.083332
71.209030 19.448881 52.083332
68.287117 9.587644 52.083332
64.564392 0.000000 39.583332
68.287117 9.587644 39.583332
71.209030 19.448881 39.583332
73.310356 29.516951 39.583332
74.576874 39.723690 39.583332
75.000000 50.000000 39.583332
74.576874 60.276310 39.583332
73.310356 70.483047 39.583332
71.209030 80.551117 39.583332
68.287117 90.412354 39.583332
25.000000 0.000000 39.583332
